{
	"__comment":"Designed by GeForceLegend",
	"ambientocclusion":false,
	"textures":{
		"down":"block/dark_oak_planks",
		"up":"block/cartography_table_top",
		"particle":"block/cartography_table_side3",
		"north":"block/cartography_table_side3",
		"south":"block/cartography_table_side1",
		"west":"block/cartography_table_side2"
	},
	"elements":[
		{
			"from":[2.01,16,2.01],
			"to":[5.99,16.9,5.99],
			"faces":{
				"north":{"uv":[6,3,2,2],"texture":"#up","cullface":"up"},
				"east":{"uv":[5,2,6,6],"rotation":90,"texture":"#up","cullface":"up"},
				"south":{"uv":[2,5,6,6],"texture":"#up","cullface":"up"},
				"west":{"uv":[2,2,3,6],"rotation":270,"texture":"#up","cullface":"up"},
				"up":{"uv":[2,2,6,6],"texture":"#up","cullface":"up"}
			}
		},
		{
			"from":[4.01,4.01,15.5],
			"to":[5.99,5.99,16.49],
			"faces":{
				"east":{"uv":[5,10,6,12],"texture":"#south","cullface":"south"},
				"south":{"uv":[4,10,6,12],"texture":"#south","cullface":"south"},
				"west":{"uv":[4,10,5,12],"texture":"#south","cullface":"south"},
				"up":{"uv":[4,10,6,11],"texture":"#south","cullface":"south"},
				"down":{"uv":[4,11,6,12],"texture":"#south","cullface":"south"}
			}
		},
		{
			"from":[1,2,4],
			"to":[11,8,15.5],
			"faces":{
				"south":{"uv":[1,8,11,14],"texture":"#south","cullface":"south"},
				"west":{"uv":[4,8,15.5,14],"texture":"#west","cullface":"west"}
			}
		},
		{
			"from":[0,0,0],
			"to":[11,16,4],
			"faces":{
				"north":{"uv":[5,0,16,16],"texture":"#north","cullface":"north"},
				"south":{"uv":[3,0,4,16],"texture":"#west","cullface":"west"},
				"west":{"uv":[0,0,4,16],"texture":"#west","cullface":"west"},
				"up":{"uv":[0,0,11,4],"texture":"#up","cullface":"up"},
				"down":{"uv":[0,12,11,16],"texture":"#down","cullface":"down"}
			}
		},
		{
			"from":[0,2,11],
			"to":[4,8,16],
			"faces":{
				"north":{"uv":[11,8,12,14],"texture":"#west","cullface":"west"},
				"east":{"uv":[3,8,4,14],"texture":"#south","cullface":"south"},
				"south":{"uv":[0,8,4,14],"texture":"#south","cullface":"south"},
				"west":{"uv":[11,8,16,14],"texture":"#west","cullface":"west"}
			}
		},
		{
			"from":[11,0,0],
			"to":[16,16,16],
			"faces":{
				"north":{"uv":[0,0,5,16],"texture":"#north","cullface":"north"},
				"east":{"uv":[0,0,16,16],"texture":"#north","cullface":"east"},
				"south":{"uv":[11,0,16,16],"texture":"#south","cullface":"south"},
				"west":{"uv":[11,0,12,16],"texture":"#south","cullface":"south"},
				"up":{"uv":[11,0,16,16],"texture":"#up","cullface":"up"},
				"down":{"uv":[11,0,16,16],"texture":"#down","cullface":"down"}
			}
		},
		{
			"from":[0,8,4],
			"to":[11,16,16],
			"faces":{
				"south":{"uv":[0,0,11,8],"texture":"#south","cullface":"south"},
				"west":{"uv":[4,0,16,8],"texture":"#west","cullface":"west"},
				"up":{"uv":[0,4,11,16],"texture":"#up","cullface":"up"},
				"down":{"uv":[11,7,4,8],"rotation":90,"texture":"#west"}
			}
		},
		{
			"from":[0,0,4],
			"to":[11,2,16],
			"faces":{
				"south":{"uv":[0,14,11,16],"texture":"#south","cullface":"south"},
				"west":{"uv":[4,14,16,16],"texture":"#west","cullface":"west"},
				"up":{"uv":[0,14,11,15],"texture":"#west"},
				"down":{"uv":[0,0,11,12],"texture":"#down","cullface":"down"}
			}
		},
		{
			"from":[0.5,2,4],
			"to":[1,5,7],
			"faces":{
				"south":{"uv":[6,11,7,14],"texture":"#west","cullface":"west"},
				"west":{"uv":[4,11,7,14],"texture":"#west","cullface":"west"},
				"up":{"uv":[4,11,7,12],"rotation":90,"texture":"#west","cullface":"west"}
			}
		},
		{
			"from":[0.3,2,8],
			"to":[1,5,11],
			"faces":{
				"north":{"uv":[8,11,9,14],"texture":"#west","cullface":"west"},
				"west":{"uv":[8,11,11,14],"texture":"#west","cullface":"west"},
				"up":{"uv":[8,11,11,12],"rotation":90,"texture":"#west","cullface":"west"}
			}
		},
		{
			"from":[0.7,5,5],
			"to":[1,8,11],
			"faces":{
				"north":{"uv":[5,8,6,11],"texture":"#west","cullface":"west"},
				"west":{"uv":[5,8,11,11],"texture":"#west","cullface":"west"},
				"down":{"uv":[11,10,5,11],"rotation":90,"texture":"#west","cullface":"west"}
			}
		},
		{
			"from":[0.7,6,4],
			"to":[1,7,5],
			"faces":{
				"west":{"uv":[4,9,5,10],"texture":"#west","cullface":"west"},
				"up":{"uv":[4,9,5,10],"texture":"#west","cullface":"west"},
				"down":{"uv":[4,9,5,10],"texture":"#west","cullface":"west"}
			}
		}
	],
	"display":{
		"thirdperson_righthand":{
			"rotation":[75,45,0],
			"translation":[0,2.5,0],
			"scale":[0.375,0.375,0.375]
		},
		"firstperson_righthand":{
			"rotation":[0,45,0],
			"scale":[0.4,0.4,0.4]
		},
		"firstperson_lefthand":{
			"rotation":[0,225,0],
			"scale":[0.4,0.4,0.4]
		},
		"ground":{
			"translation":[0,3,0],
			"scale":[0.25,0.25,0.25]
		},
		"gui":{
			"rotation":[30,225,0],
			"scale":[0.625,0.625,0.625]
		},
		"fixed":{
			"scale":[0.5,0.5,0.5]
		}
	}
}