{
	"__comment":"Designed by GeForceLegend",
	"ambientocclusion":false,
	"textures":{
		"particle":"block/gilded_blackstone",
		"all":"block/gilded_blackstone"
	},
	"elements":[
		{
			"from":[0,0,0],
			"to":[16,16,16],
			"faces":{
				"north":{"uv":[0,0,16,16],"texture":"#all","cullface":"north"},
				"east":{"uv":[0,0,16,16],"texture":"#all","cullface":"east"},
				"south":{"uv":[0,0,16,16],"texture":"#all","cullface":"south"},
				"west":{"uv":[0,0,16,16],"texture":"#all","cullface":"west"},
				"up":{"uv":[0,0,16,16],"texture":"#all","cullface":"up"},
				"down":{"uv":[0,0,16,16],"texture":"#all","cullface":"down"}
			}
		},
		{
			"from":[0.01,16,3.01],
			"to":[0.99,16.5,3.99],
			"faces":{
				"north":{"uv":[0,3,1,4],"texture":"#all","cullface":"up"},
				"east":{"uv":[0,3,1,4],"texture":"#all","cullface":"up"},
				"south":{"uv":[0,3,1,4],"texture":"#all","cullface":"up"},
				"west":{"uv":[0,3,1,4],"texture":"#all","cullface":"up"},
				"up":{"uv":[0,3,1,4],"texture":"#all","cullface":"up"}
			}
		},
		{
			"from":[1.01,16,2.01],
			"to":[1.99,16.5,2.99],
			"faces":{
				"north":{"uv":[1,2,2,3],"texture":"#all","cullface":"up"},
				"east":{"uv":[1,2,2,3],"texture":"#all","cullface":"up"},
				"south":{"uv":[1,2,2,3],"texture":"#all","cullface":"up"},
				"west":{"uv":[1,2,2,3],"texture":"#all","cullface":"up"},
				"up":{"uv":[1,2,2,3],"texture":"#all","cullface":"up"}
			}
		},
		{
			"from":[2.01,16,1.01],
			"to":[4.99,16.5,1.99],
			"faces":{
				"north":{"uv":[5,1,2,2],"texture":"#all","cullface":"up"},
				"east":{"uv":[4,1,5,2],"texture":"#all","cullface":"up"},
				"south":{"uv":[2,1,5,2],"texture":"#all","cullface":"up"},
				"west":{"uv":[2,1,3,2],"texture":"#all","cullface":"up"},
				"up":{"uv":[2,1,5,2],"texture":"#all","cullface":"up"}
			}
		},
		{
			"from":[9.01,16,2.01],
			"to":[10.99,16.5,3.01],
			"faces":{
				"north":{"uv":[11,2,9,3],"texture":"#all","cullface":"up"},
				"east":{"uv":[10,2,11,3],"texture":"#all","cullface":"up"},
				"south":{"uv":[9,2,11,3],"texture":"#all","cullface":"up"},
				"west":{"uv":[9,2,10,3],"texture":"#all","cullface":"up"},
				"up":{"uv":[9,2,11,3],"texture":"#all","cullface":"up"}
			}
		},
		{
			"from":[10.01,16,3.01],
			"to":[11.99,16.5,3.99],
			"faces":{
				"north":{"uv":[11,2,9,3],"texture":"#all","cullface":"up"},
				"east":{"uv":[10,2,11,3],"texture":"#all","cullface":"up"},
				"south":{"uv":[9,2,11,3],"texture":"#all","cullface":"up"},
				"west":{"uv":[9,2,10,3],"texture":"#all","cullface":"up"},
				"up":{"uv":[9,2,11,3],"texture":"#all","cullface":"up"}
			}
		},
		{
			"from":[12.01,16,4.01],
			"to":[12.99,16.5,6.99],
			"faces":{
				"north":{"uv":[12,4,13,5],"texture":"#all","cullface":"up"},
				"east":{"uv":[12,4,13,7],"rotation":90,"texture":"#all","cullface":"up"},
				"south":{"uv":[12,6,13,7],"texture":"#all","cullface":"up"},
				"west":{"uv":[12,7,13,4],"rotation":90,"texture":"#all","cullface":"up"},
				"up":{"uv":[12,4,13,7],"texture":"#all","cullface":"up"}
			}
		},
		{
			"from":[14.01,16,0.01],
			"to":[14.99,16.5,1.99],
			"faces":{
				"east":{"uv":[14,0,15,2],"rotation":90,"texture":"#all","cullface":"up"},
				"south":{"uv":[14,1,15,2],"texture":"#all","cullface":"up"},
				"west":{"uv":[14,2,15,0],"rotation":90,"texture":"#all","cullface":"up"},
				"up":{"uv":[14,0,15,2],"texture":"#all","cullface":"up"}
			}
		},
		{
			"from":[13.01,16,0.01],
			"to":[15.01,16.5,0.99],
			"faces":{
				"north":{"uv":[13,0,14,1],"texture":"#all","cullface":"up"},
				"south":{"uv":[13,0,14,1],"texture":"#all","cullface":"up"},
				"west":{"uv":[13,0,14,1],"texture":"#all","cullface":"up"},
				"up":{"uv":[13,0,14,1],"texture":"#all","cullface":"up"}
			}
		},
		{
			"from":[15.01,16,4.01],
			"to":[15.99,16.5,5.99],
			"faces":{
				"north":{"uv":[15,4,16,5],"texture":"#all","cullface":"up"},
				"east":{"uv":[15,4,16,6],"rotation":90,"texture":"#all","cullface":"up"},
				"south":{"uv":[15,5,16,6],"texture":"#all","cullface":"up"},
				"west":{"uv":[15,6,16,4],"rotation":90,"texture":"#all","cullface":"up"},
				"up":{"uv":[15,4,16,6],"texture":"#all","cullface":"up"}
			}
		},
		{
			"from":[7.01,16,6.01],
			"to":[7.99,16.5,6.99],
			"faces":{
				"north":{"uv":[7,6,8,7],"texture":"#all","cullface":"up"},
				"east":{"uv":[7,6,8,7],"texture":"#all","cullface":"up"},
				"south":{"uv":[7,6,8,7],"texture":"#all","cullface":"up"},
				"west":{"uv":[7,6,8,7],"texture":"#all","cullface":"up"},
				"up":{"uv":[7,6,8,7],"texture":"#all","cullface":"up"}
			}
		},
		{
			"from":[5.01,16,7.01],
			"to":[6.99,16.5,7.99],
			"faces":{
				"north":{"uv":[7,7,5,8],"texture":"#all","cullface":"up"},
				"east":{"uv":[6,7,7,8],"texture":"#all","cullface":"up"},
				"south":{"uv":[5,7,7,8],"texture":"#all","cullface":"up"},
				"west":{"uv":[5,7,6,8],"texture":"#all","cullface":"up"},
				"up":{"uv":[5,7,7,8],"texture":"#all","cullface":"up"}
			}
		},
		{
			"from":[10.01,16,8.01],
			"to":[12.99,16.5,8.99],
			"faces":{
				"north":{"uv":[13,8,10,9],"texture":"#all","cullface":"up"},
				"east":{"uv":[12,8,13,9],"texture":"#all","cullface":"up"},
				"south":{"uv":[10,8,13,9],"texture":"#all","cullface":"up"},
				"west":{"uv":[10,8,11,9],"texture":"#all","cullface":"up"},
				"up":{"uv":[10,8,13,9],"texture":"#all","cullface":"up"}
			}
		},
		{
			"from":[9.01,16,9.01],
			"to":[9.99,16.5,9.99],
			"faces":{
				"north":{"uv":[9,9,10,10],"texture":"#all","cullface":"up"},
				"east":{"uv":[9,9,10,10],"texture":"#all","cullface":"up"},
				"south":{"uv":[9,9,10,10],"texture":"#all","cullface":"up"},
				"west":{"uv":[9,9,10,10],"texture":"#all","cullface":"up"},
				"up":{"uv":[9,9,10,10],"texture":"#all","cullface":"up"}
			}
		},
		{
			"from":[4.01,16,10.01],
			"to":[5.99,16.5,10.99],
			"faces":{
				"north":{"uv":[6,10,4,11],"texture":"#all","cullface":"up"},
				"east":{"uv":[5,10,6,11],"texture":"#all","cullface":"up"},
				"south":{"uv":[4,10,6,11],"texture":"#all","cullface":"up"},
				"west":{"uv":[4,10,5,11],"texture":"#all","cullface":"up"},
				"up":{"uv":[4,10,6,11],"texture":"#all","cullface":"up"}
			}
		},
		{
			"from":[6.01,16,11.01],
			"to":[6.99,16.5,12.99],
			"faces":{
				"north":{"uv":[6,11,7,12],"texture":"#all","cullface":"up"},
				"east":{"uv":[6,11,7,13],"rotation":90,"texture":"#all","cullface":"up"},
				"south":{"uv":[6,12,7,13],"texture":"#all","cullface":"up"},
				"west":{"uv":[6,13,7,11],"rotation":90,"texture":"#all","cullface":"up"},
				"up":{"uv":[6,11,7,13],"texture":"#all","cullface":"up"}
			}
		},
		{
			"from":[7.01,16,13.01],
			"to":[7.99,16.5,14.99],
			"faces":{
				"north":{"uv":[7,13,8,14],"texture":"#all","cullface":"up"},
				"east":{"uv":[7,13,8,15],"rotation":90,"texture":"#all","cullface":"up"},
				"south":{"uv":[7,14,8,15],"texture":"#all","cullface":"up"},
				"west":{"uv":[7,15,8,13],"rotation":90,"texture":"#all","cullface":"up"},
				"up":{"uv":[7,13,8,15],"texture":"#all","cullface":"up"}
			}
		},
		{
			"from":[15.01,16,9.01],
			"to":[15.99,16.5,11.99],
			"faces":{
				"north":{"uv":[15,9,16,10],"texture":"#all","cullface":"up"},
				"east":{"uv":[15,9,16,12],"rotation":90,"texture":"#all","cullface":"up"},
				"south":{"uv":[15,11,16,12],"texture":"#all","cullface":"up"},
				"west":{"uv":[15,12,16,9],"rotation":90,"texture":"#all","cullface":"up"},
				"up":{"uv":[15,9,16,12],"texture":"#all","cullface":"up"}
			}
		},
		{
			"from":[14.01,16,12.01],
			"to":[14.99,16.5,13.99],
			"faces":{
				"north":{"uv":[14,12,15,13],"texture":"#all","cullface":"up"},
				"east":{"uv":[14,12,15,14],"rotation":90,"texture":"#all","cullface":"up"},
				"west":{"uv":[14,14,15,12],"rotation":90,"texture":"#all","cullface":"up"},
				"up":{"uv":[14,12,15,14],"texture":"#all","cullface":"up"}
			}
		},
		{
			"from":[13.01,16,13.01],
			"to":[15.01,16.5,13.99],
			"faces":{
				"north":{"uv":[13,13,14,14],"texture":"#all","cullface":"up"},
				"south":{"uv":[13,13,14,14],"texture":"#all","cullface":"up"},
				"west":{"uv":[13,13,14,14],"texture":"#all","cullface":"up"},
				"up":{"uv":[13,13,14,14],"texture":"#all","cullface":"up"}
			}
		},
		{
			"from":[12.01,16,15.01],
			"to":[12.99,16.5,15.99],
			"faces":{
				"north":{"uv":[12,15,13,16],"texture":"#all","cullface":"up"},
				"east":{"uv":[12,15,13,16],"texture":"#all","cullface":"up"},
				"south":{"uv":[12,15,13,16],"texture":"#all","cullface":"up"},
				"west":{"uv":[12,15,13,16],"texture":"#all","cullface":"up"},
				"up":{"uv":[12,15,13,16],"texture":"#all","cullface":"up"}
			}
		},
		{
			"from":[0.01,12.01,16],
			"to":[0.99,12.99,16.5],
			"faces":{
				"east":{"uv":[0,3,1,4],"texture":"#all","cullface":"south"},
				"south":{"uv":[0,3,1,4],"texture":"#all","cullface":"south"},
				"west":{"uv":[0,4,1,3],"texture":"#all","cullface":"south"},
				"up":{"uv":[1,3,0,4],"texture":"#all","cullface":"south"},
				"down":{"uv":[0,3,1,4],"texture":"#all","cullface":"south"}
			}
		},
		{
			"from":[1.01,13.01,16],
			"to":[1.99,13.99,16.5],
			"faces":{
				"east":{"uv":[1,2,2,3],"texture":"#all","cullface":"south"},
				"south":{"uv":[1,2,2,3],"texture":"#all","cullface":"south"},
				"west":{"uv":[1,3,2,2],"texture":"#all","cullface":"south"},
				"up":{"uv":[2,2,1,3],"texture":"#all","cullface":"south"},
				"down":{"uv":[1,2,2,3],"texture":"#all","cullface":"south"}
			}
		},
		{
			"from":[2.01,14.01,16],
			"to":[4.99,14.99,16.5],
			"faces":{
				"east":{"uv":[4,1,5,2],"texture":"#all","cullface":"south"},
				"south":{"uv":[2,1,5,2],"texture":"#all","cullface":"south"},
				"west":{"uv":[2,2,3,1],"texture":"#all","cullface":"south"},
				"up":{"uv":[2,1,5,2],"texture":"#all","cullface":"south"},
				"down":{"uv":[2,1,5,2],"texture":"#all","cullface":"south"}
			}
		},
		{
			"from":[9.01,12.99,16],
			"to":[10.99,13.99,16.5],
			"faces":{
				"east":{"uv":[10,2,11,3],"texture":"#all","cullface":"south"},
				"south":{"uv":[9,2,11,3],"texture":"#all","cullface":"south"},
				"west":{"uv":[9,3,10,2],"texture":"#all","cullface":"south"},
				"up":{"uv":[9,2,11,3],"texture":"#all","cullface":"south"},
				"down":{"uv":[9,2,11,3],"texture":"#all","cullface":"south"}
			}
		},
		{
			"from":[10.01,12.01,16],
			"to":[11.99,12.99,16.5],
			"faces":{
				"east":{"uv":[10,2,11,3],"texture":"#all","cullface":"south"},
				"south":{"uv":[9,2,11,3],"texture":"#all","cullface":"south"},
				"west":{"uv":[9,3,10,2],"texture":"#all","cullface":"south"},
				"up":{"uv":[9,2,11,3],"texture":"#all","cullface":"south"},
				"down":{"uv":[9,2,11,3],"texture":"#all","cullface":"south"}
			}
		},
		{
			"from":[12.01,9.01,16],
			"to":[12.99,11.99,16.5],
			"faces":{
				"east":{"uv":[12,4,13,7],"texture":"#all","cullface":"south"},
				"south":{"uv":[12,4,13,7],"texture":"#all","cullface":"south"},
				"west":{"uv":[12,4,13,7],"texture":"#all","cullface":"south"},
				"up":{"uv":[13,4,12,5],"texture":"#all","cullface":"south"},
				"down":{"uv":[12,6,13,7],"texture":"#all","cullface":"south"}
			}
		},
		{
			"from":[14.01,14.01,16],
			"to":[14.99,15.99,16.5],
			"faces":{
				"east":{"uv":[14,0,15,2],"texture":"#all","cullface":"south"},
				"south":{"uv":[14,0,15,2],"texture":"#all","cullface":"south"},
				"west":{"uv":[14,0,15,2],"texture":"#all","cullface":"south"},
				"down":{"uv":[14,1,15,2],"texture":"#all","cullface":"south"}
			}
		},
		{
			"from":[13.01,15.01,16],
			"to":[15.01,15.99,16.5],
			"faces":{
				"south":{"uv":[13,0,14,1],"texture":"#all","cullface":"south"},
				"west":{"uv":[13,1,14,0],"texture":"#all","cullface":"south"},
				"up":{"uv":[14,0,13,1],"texture":"#all","cullface":"south"},
				"down":{"uv":[13,0,14,1],"texture":"#all","cullface":"south"}
			}
		},
		{
			"from":[15.01,10.01,16],
			"to":[15.99,11.99,16.5],
			"faces":{
				"east":{"uv":[15,4,16,6],"texture":"#all","cullface":"south"},
				"south":{"uv":[15,4,16,6],"texture":"#all","cullface":"south"},
				"west":{"uv":[15,4,16,6],"texture":"#all","cullface":"south"},
				"up":{"uv":[16,4,15,5],"texture":"#all","cullface":"south"},
				"down":{"uv":[15,5,16,6],"texture":"#all","cullface":"south"}
			}
		},
		{
			"from":[7.01,9.01,16],
			"to":[7.99,9.99,16.5],
			"faces":{
				"east":{"uv":[7,6,8,7],"texture":"#all","cullface":"south"},
				"south":{"uv":[7,6,8,7],"texture":"#all","cullface":"south"},
				"west":{"uv":[7,7,8,6],"texture":"#all","cullface":"south"},
				"up":{"uv":[8,6,7,7],"texture":"#all","cullface":"south"},
				"down":{"uv":[7,6,8,7],"texture":"#all","cullface":"south"}
			}
		},
		{
			"from":[5.01,8.01,16],
			"to":[6.99,8.99,16.5],
			"faces":{
				"east":{"uv":[6,7,7,8],"texture":"#all","cullface":"south"},
				"south":{"uv":[5,7,7,8],"texture":"#all","cullface":"south"},
				"west":{"uv":[5,8,6,7],"texture":"#all","cullface":"south"},
				"up":{"uv":[5,7,7,8],"texture":"#all","cullface":"south"},
				"down":{"uv":[5,7,7,8],"texture":"#all","cullface":"south"}
			}
		},
		{
			"from":[10.01,7.01,16],
			"to":[12.99,7.99,16.5],
			"faces":{
				"east":{"uv":[12,8,13,9],"texture":"#all","cullface":"south"},
				"south":{"uv":[10,8,13,9],"texture":"#all","cullface":"south"},
				"west":{"uv":[10,9,11,8],"texture":"#all","cullface":"south"},
				"up":{"uv":[10,8,13,9],"texture":"#all","cullface":"south"},
				"down":{"uv":[10,8,13,9],"texture":"#all","cullface":"south"}
			}
		},
		{
			"from":[9.01,6.01,16],
			"to":[9.99,6.99,16.5],
			"faces":{
				"east":{"uv":[9,9,10,10],"texture":"#all","cullface":"south"},
				"south":{"uv":[9,9,10,10],"texture":"#all","cullface":"south"},
				"west":{"uv":[9,10,10,9],"texture":"#all","cullface":"south"},
				"up":{"uv":[10,9,9,10],"texture":"#all","cullface":"south"},
				"down":{"uv":[9,9,10,10],"texture":"#all","cullface":"south"}
			}
		},
		{
			"from":[4.01,5.01,16],
			"to":[5.99,5.99,16.5],
			"faces":{
				"east":{"uv":[5,10,6,11],"texture":"#all","cullface":"south"},
				"south":{"uv":[4,10,6,11],"texture":"#all","cullface":"south"},
				"west":{"uv":[4,11,5,10],"texture":"#all","cullface":"south"},
				"up":{"uv":[4,10,6,11],"texture":"#all","cullface":"south"},
				"down":{"uv":[4,10,6,11],"texture":"#all","cullface":"south"}
			}
		},
		{
			"from":[6.01,3.01,16],
			"to":[6.99,4.99,16.5],
			"faces":{
				"east":{"uv":[6,11,7,13],"texture":"#all","cullface":"south"},
				"south":{"uv":[6,11,7,13],"texture":"#all","cullface":"south"},
				"west":{"uv":[6,11,7,13],"texture":"#all","cullface":"south"},
				"up":{"uv":[7,11,6,12],"texture":"#all","cullface":"south"},
				"down":{"uv":[6,12,7,13],"texture":"#all","cullface":"south"}
			}
		},
		{
			"from":[7.01,1.01,16],
			"to":[7.99,2.99,16.5],
			"faces":{
				"east":{"uv":[7,13,8,15],"texture":"#all","cullface":"south"},
				"south":{"uv":[7,13,8,15],"texture":"#all","cullface":"south"},
				"west":{"uv":[7,13,8,15],"texture":"#all","cullface":"south"},
				"up":{"uv":[8,13,7,14],"texture":"#all","cullface":"south"},
				"down":{"uv":[7,14,8,15],"texture":"#all","cullface":"south"}
			}
		},
		{
			"from":[15.01,4.01,16],
			"to":[15.99,6.99,16.5],
			"faces":{
				"east":{"uv":[15,9,16,12],"texture":"#all","cullface":"south"},
				"south":{"uv":[15,9,16,12],"texture":"#all","cullface":"south"},
				"west":{"uv":[15,9,16,12],"texture":"#all","cullface":"south"},
				"up":{"uv":[16,9,15,10],"texture":"#all","cullface":"south"},
				"down":{"uv":[15,11,16,12],"texture":"#all","cullface":"south"}
			}
		},
		{
			"from":[14.01,2.01,16],
			"to":[14.99,3.99,16.5],
			"faces":{
				"east":{"uv":[14,12,15,14],"texture":"#all","cullface":"south"},
				"south":{"uv":[14,12,15,14],"texture":"#all","cullface":"south"},
				"west":{"uv":[14,12,15,14],"texture":"#all","cullface":"south"},
				"up":{"uv":[15,12,14,13],"texture":"#all","cullface":"south"}
			}
		},
		{
			"from":[13.01,2.01,16],
			"to":[15.01,2.99,16.5],
			"faces":{
				"south":{"uv":[13,13,14,14],"texture":"#all","cullface":"south"},
				"west":{"uv":[13,14,14,13],"texture":"#all","cullface":"south"},
				"up":{"uv":[14,13,13,14],"texture":"#all","cullface":"south"},
				"down":{"uv":[13,13,14,14],"texture":"#all","cullface":"south"}
			}
		},
		{
			"from":[12.01,0.01,16],
			"to":[12.99,0.99,16.5],
			"faces":{
				"east":{"uv":[12,15,13,16],"texture":"#all","cullface":"south"},
				"south":{"uv":[12,15,13,16],"texture":"#all","cullface":"south"},
				"west":{"uv":[12,16,13,15],"texture":"#all","cullface":"south"},
				"up":{"uv":[13,15,12,16],"texture":"#all","cullface":"south"},
				"down":{"uv":[12,15,13,16],"texture":"#all","cullface":"south"}
			}
		},
		{
			"from":[16,0.01,3.01],
			"to":[16.5,0.99,3.99],
			"faces":{
				"north":{"uv":[12,15,13,16],"texture":"#all","cullface":"east"},
				"east":{"uv":[12,15,13,16],"texture":"#all","cullface":"east"},
				"south":{"uv":[12,16,13,15],"texture":"#all","cullface":"east"},
				"up":{"uv":[13,15,12,16],"rotation":270,"texture":"#all","cullface":"east"},
				"down":{"uv":[12,15,13,16],"rotation":90,"texture":"#all","cullface":"east"}
			}
		},
		{
			"from":[16,12.01,15.01],
			"to":[16.5,12.99,15.99],
			"faces":{
				"north":{"uv":[0,3,1,4],"texture":"#all","cullface":"east"},
				"east":{"uv":[0,3,1,4],"texture":"#all","cullface":"east"},
				"south":{"uv":[0,4,1,3],"texture":"#all","cullface":"east"},
				"up":{"uv":[1,3,0,4],"rotation":270,"texture":"#all","cullface":"east"},
				"down":{"uv":[0,3,1,4],"rotation":90,"texture":"#all","cullface":"east"}
			}
		},
		{
			"from":[16,13.01,14.01],
			"to":[16.5,13.99,14.99],
			"faces":{
				"north":{"uv":[1,2,2,3],"texture":"#all","cullface":"east"},
				"east":{"uv":[1,2,2,3],"texture":"#all","cullface":"east"},
				"south":{"uv":[1,3,2,2],"texture":"#all","cullface":"east"},
				"up":{"uv":[2,2,1,3],"rotation":270,"texture":"#all","cullface":"east"},
				"down":{"uv":[1,2,2,3],"rotation":90,"texture":"#all","cullface":"east"}
			}
		},
		{
			"from":[16,14.01,11.01],
			"to":[16.5,14.99,13.99],
			"faces":{
				"north":{"uv":[4,1,5,2],"texture":"#all","cullface":"east"},
				"east":{"uv":[2,1,5,2],"texture":"#all","cullface":"east"},
				"south":{"uv":[2,2,3,1],"texture":"#all","cullface":"east"},
				"up":{"uv":[2,1,5,2],"rotation":270,"texture":"#all","cullface":"east"},
				"down":{"uv":[2,1,5,2],"rotation":90,"texture":"#all","cullface":"east"}
			}
		},
		{
			"from":[16,12.99,5.01],
			"to":[16.5,13.99,6.99],
			"faces":{
				"north":{"uv":[10,2,11,3],"texture":"#all","cullface":"east"},
				"east":{"uv":[9,2,11,3],"texture":"#all","cullface":"east"},
				"south":{"uv":[9,3,10,2],"texture":"#all","cullface":"east"},
				"up":{"uv":[9,2,11,3],"rotation":270,"texture":"#all","cullface":"east"},
				"down":{"uv":[9,2,11,3],"rotation":90,"texture":"#all","cullface":"east"}
			}
		},
		{
			"from":[16,12.01,4.01],
			"to":[16.5,12.99,5.99],
			"faces":{
				"north":{"uv":[10,2,11,3],"texture":"#all","cullface":"east"},
				"east":{"uv":[9,2,11,3],"texture":"#all","cullface":"east"},
				"south":{"uv":[9,3,10,2],"texture":"#all","cullface":"east"},
				"up":{"uv":[9,2,11,3],"rotation":270,"texture":"#all","cullface":"east"},
				"down":{"uv":[9,2,11,3],"rotation":90,"texture":"#all","cullface":"east"}
			}
		},
		{
			"from":[16,9.01,3.01],
			"to":[16.5,11.99,3.99],
			"faces":{
				"north":{"uv":[12,4,13,7],"texture":"#all","cullface":"east"},
				"east":{"uv":[12,4,13,7],"texture":"#all","cullface":"east"},
				"south":{"uv":[12,4,13,7],"texture":"#all","cullface":"east"},
				"up":{"uv":[13,4,12,5],"rotation":270,"texture":"#all","cullface":"east"},
				"down":{"uv":[12,6,13,7],"rotation":90,"texture":"#all","cullface":"east"}
			}
		},
		{
			"from":[16,14.01,1.01],
			"to":[16.5,15.99,1.99],
			"faces":{
				"north":{"uv":[14,0,15,2],"texture":"#all","cullface":"east"},
				"east":{"uv":[14,0,15,2],"texture":"#all","cullface":"east"},
				"south":{"uv":[14,0,15,2],"texture":"#all","cullface":"east"},
				"down":{"uv":[14,1,15,2],"rotation":90,"texture":"#all","cullface":"east"}
			}
		},
		{
			"from":[16,15.01,0.99],
			"to":[16.5,15.99,2.99],
			"faces":{
				"east":{"uv":[13,0,14,1],"texture":"#all","cullface":"east"},
				"south":{"uv":[13,1,14,0],"texture":"#all","cullface":"east"},
				"up":{"uv":[14,0,13,1],"texture":"#all","cullface":"east"},
				"down":{"uv":[13,0,14,1],"rotation":90,"texture":"#all","cullface":"east"}
			}
		},
		{
			"from":[16,10.01,0.01],
			"to":[16.5,11.99,0.99],
			"faces":{
				"north":{"uv":[15,4,16,6],"texture":"#all","cullface":"east"},
				"east":{"uv":[15,4,16,6],"texture":"#all","cullface":"east"},
				"south":{"uv":[15,4,16,6],"texture":"#all","cullface":"east"},
				"up":{"uv":[16,4,15,5],"rotation":270,"texture":"#all","cullface":"east"},
				"down":{"uv":[15,5,16,6],"rotation":90,"texture":"#all","cullface":"east"}
			}
		},
		{
			"from":[16,9.01,8.01],
			"to":[16.5,9.99,8.99],
			"faces":{
				"north":{"uv":[7,6,8,7],"texture":"#all","cullface":"east"},
				"east":{"uv":[7,6,8,7],"texture":"#all","cullface":"east"},
				"south":{"uv":[7,7,8,6],"texture":"#all","cullface":"east"},
				"up":{"uv":[8,6,7,7],"rotation":270,"texture":"#all","cullface":"east"},
				"down":{"uv":[7,6,8,7],"rotation":90,"texture":"#all","cullface":"east"}
			}
		},
		{
			"from":[16,8.01,9.01],
			"to":[16.5,8.99,10.99],
			"faces":{
				"north":{"uv":[6,7,7,8],"texture":"#all","cullface":"east"},
				"east":{"uv":[5,7,7,8],"texture":"#all","cullface":"east"},
				"south":{"uv":[5,8,6,7],"texture":"#all","cullface":"east"},
				"up":{"uv":[5,7,7,8],"rotation":270,"texture":"#all","cullface":"east"},
				"down":{"uv":[5,7,7,8],"rotation":90,"texture":"#all","cullface":"east"}
			}
		},
		{
			"from":[16,7.01,3.01],
			"to":[16.5,7.99,5.99],
			"faces":{
				"north":{"uv":[12,8,13,9],"texture":"#all","cullface":"east"},
				"east":{"uv":[10,8,13,9],"texture":"#all","cullface":"east"},
				"south":{"uv":[10,9,11,8],"texture":"#all","cullface":"east"},
				"up":{"uv":[10,8,13,9],"rotation":270,"texture":"#all","cullface":"east"},
				"down":{"uv":[10,8,13,9],"rotation":90,"texture":"#all","cullface":"east"}
			}
		},
		{
			"from":[16,6.01,6.01],
			"to":[16.5,6.99,6.99],
			"faces":{
				"north":{"uv":[9,9,10,10],"texture":"#all","cullface":"east"},
				"east":{"uv":[9,9,10,10],"texture":"#all","cullface":"east"},
				"south":{"uv":[9,10,10,9],"texture":"#all","cullface":"east"},
				"up":{"uv":[10,9,9,10],"rotation":270,"texture":"#all","cullface":"east"},
				"down":{"uv":[9,9,10,10],"rotation":90,"texture":"#all","cullface":"east"}
			}
		},
		{
			"from":[16,5.01,10.01],
			"to":[16.5,5.99,11.99],
			"faces":{
				"north":{"uv":[5,10,6,11],"texture":"#all","cullface":"east"},
				"east":{"uv":[4,10,6,11],"texture":"#all","cullface":"east"},
				"south":{"uv":[4,11,5,10],"texture":"#all","cullface":"east"},
				"up":{"uv":[4,10,6,11],"rotation":270,"texture":"#all","cullface":"east"},
				"down":{"uv":[4,10,6,11],"rotation":90,"texture":"#all","cullface":"east"}
			}
		},
		{
			"from":[16,3.01,9.01],
			"to":[16.5,4.99,9.99],
			"faces":{
				"north":{"uv":[6,11,7,13],"texture":"#all","cullface":"east"},
				"east":{"uv":[6,11,7,13],"texture":"#all","cullface":"east"},
				"south":{"uv":[6,11,7,13],"texture":"#all","cullface":"east"},
				"up":{"uv":[7,11,6,12],"rotation":270,"texture":"#all","cullface":"east"},
				"down":{"uv":[6,12,7,13],"rotation":90,"texture":"#all","cullface":"east"}
			}
		},
		{
			"from":[16,1.01,8.01],
			"to":[16.5,2.99,8.99],
			"faces":{
				"north":{"uv":[7,13,8,15],"texture":"#all","cullface":"east"},
				"east":{"uv":[7,13,8,15],"texture":"#all","cullface":"east"},
				"south":{"uv":[7,13,8,15],"texture":"#all","cullface":"east"},
				"up":{"uv":[8,13,7,14],"rotation":270,"texture":"#all","cullface":"east"},
				"down":{"uv":[7,14,8,15],"rotation":90,"texture":"#all","cullface":"east"}
			}
		},
		{
			"from":[16,4.01,0.01],
			"to":[16.5,6.99,0.99],
			"faces":{
				"north":{"uv":[15,9,16,12],"texture":"#all","cullface":"east"},
				"east":{"uv":[15,9,16,12],"texture":"#all","cullface":"east"},
				"south":{"uv":[15,9,16,12],"texture":"#all","cullface":"east"},
				"up":{"uv":[16,9,15,10],"rotation":270,"texture":"#all","cullface":"east"},
				"down":{"uv":[15,11,16,12],"rotation":90,"texture":"#all","cullface":"east"}
			}
		},
		{
			"from":[16,2.01,1.01],
			"to":[16.5,3.99,1.99],
			"faces":{
				"north":{"uv":[14,12,15,14],"texture":"#all","cullface":"east"},
				"east":{"uv":[14,12,15,14],"texture":"#all","cullface":"east"},
				"south":{"uv":[14,12,15,14],"texture":"#all","cullface":"east"},
				"up":{"uv":[15,12,14,13],"rotation":270,"texture":"#all","cullface":"east"}
			}
		},
		{
			"from":[16,2.01,0.99],
			"to":[16.5,2.99,2.99],
			"faces":{
				"east":{"uv":[13,13,14,14],"texture":"#all","cullface":"east"},
				"south":{"uv":[13,14,14,13],"texture":"#all","cullface":"east"},
				"up":{"uv":[14,13,13,14],"rotation":270,"texture":"#all","cullface":"east"},
				"down":{"uv":[13,13,14,14],"rotation":90,"texture":"#all","cullface":"east"}
			}
		},
		{
			"from":[3.01,0.01,-0.5],
			"to":[3.99,0.99,0],
			"faces":{
				"north":{"uv":[12,15,13,16],"texture":"#all","cullface":"north"},
				"east":{"uv":[12,16,13,15],"texture":"#all","cullface":"north"},
				"west":{"uv":[12,15,13,16],"texture":"#all","cullface":"north"},
				"up":{"uv":[12,15,13,16],"texture":"#all","cullface":"north"},
				"down":{"uv":[13,15,12,16],"texture":"#all","cullface":"north"}
			}
		},
		{
			"from":[15.01,12.01,-0.5],
			"to":[15.99,12.99,0],
			"faces":{
				"north":{"uv":[0,3,1,4],"texture":"#all","cullface":"north"},
				"east":{"uv":[0,4,1,3],"texture":"#all","cullface":"north"},
				"west":{"uv":[0,3,1,4],"texture":"#all","cullface":"north"},
				"up":{"uv":[0,3,1,4],"texture":"#all","cullface":"north"},
				"down":{"uv":[1,3,0,4],"texture":"#all","cullface":"north"}
			}
		},
		{
			"from":[14.01,13.01,-0.5],
			"to":[14.99,13.99,0],
			"faces":{
				"north":{"uv":[1,2,2,3],"texture":"#all","cullface":"north"},
				"east":{"uv":[1,3,2,2],"texture":"#all","cullface":"north"},
				"west":{"uv":[1,2,2,3],"texture":"#all","cullface":"north"},
				"up":{"uv":[1,2,2,3],"texture":"#all","cullface":"north"},
				"down":{"uv":[2,2,1,3],"texture":"#all","cullface":"north"}
			}
		},
		{
			"from":[11.01,14.01,-0.5],
			"to":[13.99,14.99,0],
			"faces":{
				"north":{"uv":[2,1,5,2],"texture":"#all","cullface":"north"},
				"east":{"uv":[2,2,3,1],"texture":"#all","cullface":"north"},
				"west":{"uv":[4,1,5,2],"texture":"#all","cullface":"north"},
				"up":{"uv":[5,1,2,2],"texture":"#all","cullface":"north"},
				"down":{"uv":[5,1,2,2],"texture":"#all","cullface":"north"}
			}
		},
		{
			"from":[5.01,12.99,-0.5],
			"to":[6.99,13.99,0],
			"faces":{
				"north":{"uv":[9,2,11,3],"texture":"#all","cullface":"north"},
				"east":{"uv":[9,3,10,2],"texture":"#all","cullface":"north"},
				"west":{"uv":[10,2,11,3],"texture":"#all","cullface":"north"},
				"up":{"uv":[11,2,9,3],"texture":"#all","cullface":"north"},
				"down":{"uv":[11,2,9,3],"texture":"#all","cullface":"north"}
			}
		},
		{
			"from":[4.01,12.01,-0.5],
			"to":[5.99,12.99,0],
			"faces":{
				"north":{"uv":[9,2,11,3],"texture":"#all","cullface":"north"},
				"east":{"uv":[9,3,10,2],"texture":"#all","cullface":"north"},
				"west":{"uv":[10,2,11,3],"texture":"#all","cullface":"north"},
				"up":{"uv":[11,2,9,3],"texture":"#all","cullface":"north"},
				"down":{"uv":[11,2,9,3],"texture":"#all","cullface":"north"}
			}
		},
		{
			"from":[3.01,9.01,-0.5],
			"to":[3.99,11.99,0],
			"faces":{
				"north":{"uv":[12,4,13,7],"texture":"#all","cullface":"north"},
				"east":{"uv":[12,4,13,7],"texture":"#all","cullface":"north"},
				"west":{"uv":[12,4,13,7],"texture":"#all","cullface":"north"},
				"up":{"uv":[12,4,13,5],"texture":"#all","cullface":"north"},
				"down":{"uv":[13,6,12,7],"texture":"#all","cullface":"north"}
			}
		},
		{
			"from":[1.01,14.01,-0.5],
			"to":[1.99,15.99,0],
			"faces":{
				"north":{"uv":[14,0,15,2],"texture":"#all","cullface":"north"},
				"east":{"uv":[14,0,15,2],"texture":"#all","cullface":"north"},
				"west":{"uv":[14,0,15,2],"texture":"#all","cullface":"north"},
				"down":{"uv":[15,1,14,2],"texture":"#all","cullface":"north"}
			}
		},
		{
			"from":[0.99,15.01,-0.5],
			"to":[2.99,15.99,0],
			"faces":{
				"north":{"uv":[13,0,14,1],"texture":"#all","cullface":"north"},
				"east":{"uv":[13,1,14,0],"texture":"#all","cullface":"north"},
				"up":{"uv":[13,0,14,1],"texture":"#all","cullface":"north"},
				"down":{"uv":[14,0,13,1],"texture":"#all","cullface":"north"}
			}
		},
		{
			"from":[0.01,10.01,-0.5],
			"to":[0.99,11.99,0],
			"faces":{
				"north":{"uv":[15,4,16,6],"texture":"#all","cullface":"north"},
				"east":{"uv":[15,4,16,6],"texture":"#all","cullface":"north"},
				"west":{"uv":[15,4,16,6],"texture":"#all","cullface":"north"},
				"up":{"uv":[15,4,16,5],"texture":"#all","cullface":"north"},
				"down":{"uv":[16,5,15,6],"texture":"#all","cullface":"north"}
			}
		},
		{
			"from":[8.01,9.01,-0.5],
			"to":[8.99,9.99,0],
			"faces":{
				"north":{"uv":[7,6,8,7],"texture":"#all","cullface":"north"},
				"east":{"uv":[7,7,8,6],"texture":"#all","cullface":"north"},
				"west":{"uv":[7,6,8,7],"texture":"#all","cullface":"north"},
				"up":{"uv":[7,6,8,7],"texture":"#all","cullface":"north"},
				"down":{"uv":[8,6,7,7],"texture":"#all","cullface":"north"}
			}
		},
		{
			"from":[9.01,8.01,-0.5],
			"to":[10.99,8.99,0],
			"faces":{
				"north":{"uv":[5,7,7,8],"texture":"#all","cullface":"north"},
				"east":{"uv":[5,8,6,7],"texture":"#all","cullface":"north"},
				"west":{"uv":[6,7,7,8],"texture":"#all","cullface":"north"},
				"up":{"uv":[7,7,5,8],"texture":"#all","cullface":"north"},
				"down":{"uv":[7,7,5,8],"texture":"#all","cullface":"north"}
			}
		},
		{
			"from":[3.01,7.01,-0.5],
			"to":[5.99,7.99,0],
			"faces":{
				"north":{"uv":[10,8,13,9],"texture":"#all","cullface":"north"},
				"east":{"uv":[10,9,11,8],"texture":"#all","cullface":"north"},
				"west":{"uv":[12,8,13,9],"texture":"#all","cullface":"north"},
				"up":{"uv":[13,8,10,9],"texture":"#all","cullface":"north"},
				"down":{"uv":[13,8,10,9],"texture":"#all","cullface":"north"}
			}
		},
		{
			"from":[6.01,6.01,-0.5],
			"to":[6.99,6.99,0],
			"faces":{
				"north":{"uv":[9,9,10,10],"texture":"#all","cullface":"north"},
				"east":{"uv":[9,10,10,9],"texture":"#all","cullface":"north"},
				"west":{"uv":[9,9,10,10],"texture":"#all","cullface":"north"},
				"up":{"uv":[9,9,10,10],"texture":"#all","cullface":"north"},
				"down":{"uv":[10,9,9,10],"texture":"#all","cullface":"north"}
			}
		},
		{
			"from":[10.01,5.01,-0.5],
			"to":[11.99,5.99,0],
			"faces":{
				"north":{"uv":[4,10,6,11],"texture":"#all","cullface":"north"},
				"east":{"uv":[4,11,5,10],"texture":"#all","cullface":"north"},
				"west":{"uv":[5,10,6,11],"texture":"#all","cullface":"north"},
				"up":{"uv":[6,10,4,11],"texture":"#all","cullface":"north"},
				"down":{"uv":[6,10,4,11],"texture":"#all","cullface":"north"}
			}
		},
		{
			"from":[9.01,3.01,-0.5],
			"to":[9.99,4.99,0],
			"faces":{
				"north":{"uv":[6,11,7,13],"texture":"#all","cullface":"north"},
				"east":{"uv":[6,11,7,13],"texture":"#all","cullface":"north"},
				"west":{"uv":[6,11,7,13],"texture":"#all","cullface":"north"},
				"up":{"uv":[6,11,7,12],"texture":"#all","cullface":"north"},
				"down":{"uv":[7,12,6,13],"texture":"#all","cullface":"north"}
			}
		},
		{
			"from":[8.01,1.01,-0.5],
			"to":[8.99,2.99,0],
			"faces":{
				"north":{"uv":[7,13,8,15],"texture":"#all","cullface":"north"},
				"east":{"uv":[7,13,8,15],"texture":"#all","cullface":"north"},
				"west":{"uv":[7,13,8,15],"texture":"#all","cullface":"north"},
				"up":{"uv":[7,13,8,14],"texture":"#all","cullface":"north"},
				"down":{"uv":[8,14,7,15],"texture":"#all","cullface":"north"}
			}
		},
		{
			"from":[0.01,4.01,-0.5],
			"to":[0.99,6.99,0],
			"faces":{
				"north":{"uv":[15,9,16,12],"texture":"#all","cullface":"north"},
				"east":{"uv":[15,9,16,12],"texture":"#all","cullface":"north"},
				"west":{"uv":[15,9,16,12],"texture":"#all","cullface":"north"},
				"up":{"uv":[15,9,16,10],"texture":"#all","cullface":"north"},
				"down":{"uv":[16,11,15,12],"texture":"#all","cullface":"north"}
			}
		},
		{
			"from":[1.01,2.01,-0.5],
			"to":[1.99,3.99,0],
			"faces":{
				"north":{"uv":[14,12,15,14],"texture":"#all","cullface":"north"},
				"east":{"uv":[14,12,15,14],"texture":"#all","cullface":"north"},
				"west":{"uv":[14,12,15,14],"texture":"#all","cullface":"north"},
				"up":{"uv":[14,12,15,13],"texture":"#all","cullface":"north"}
			}
		},
		{
			"from":[0.99,2.01,-0.5],
			"to":[2.99,2.99,0],
			"faces":{
				"north":{"uv":[13,13,14,14],"texture":"#all","cullface":"north"},
				"east":{"uv":[13,14,14,13],"texture":"#all","cullface":"north"},
				"up":{"uv":[13,13,14,14],"texture":"#all","cullface":"north"},
				"down":{"uv":[14,13,13,14],"texture":"#all","cullface":"north"}
			}
		},
		{
			"from":[-0.5,2.01,13.01],
			"to":[0,2.99,15.01],
			"faces":{
				"north":{"uv":[13,14,14,13],"texture":"#all","cullface":"west"},
				"west":{"uv":[13,13,14,14],"texture":"#all","cullface":"west"},
				"up":{"uv":[13,13,14,14],"rotation":270,"texture":"#all","cullface":"west"},
				"down":{"uv":[14,13,13,14],"texture":"#all","cullface":"west"}
			}
		},
		{
			"from":[-0.5,10.01,15.01],
			"to":[0,11.99,15.99],
			"faces":{
				"north":{"uv":[15,4,16,6],"texture":"#all","cullface":"west"},
				"south":{"uv":[15,4,16,6],"texture":"#all","cullface":"west"},
				"west":{"uv":[15,4,16,6],"texture":"#all","cullface":"west"},
				"up":{"uv":[15,4,16,5],"rotation":270,"texture":"#all","cullface":"west"},
				"down":{"uv":[16,5,15,6],"rotation":90,"texture":"#all","cullface":"west"}
			}
		},
		{
			"from":[-0.5,9.01,7.01],
			"to":[0,9.99,7.99],
			"faces":{
				"north":{"uv":[7,7,8,6],"texture":"#all","cullface":"west"},
				"south":{"uv":[7,6,8,7],"texture":"#all","cullface":"west"},
				"west":{"uv":[7,6,8,7],"texture":"#all","cullface":"west"},
				"up":{"uv":[7,6,8,7],"rotation":270,"texture":"#all","cullface":"west"},
				"down":{"uv":[8,6,7,7],"rotation":90,"texture":"#all","cullface":"west"}
			}
		},
		{
			"from":[-0.5,8.01,5.01],
			"to":[0,8.99,6.99],
			"faces":{
				"north":{"uv":[5,8,6,7],"texture":"#all","cullface":"west"},
				"south":{"uv":[6,7,7,8],"texture":"#all","cullface":"west"},
				"west":{"uv":[5,7,7,8],"texture":"#all","cullface":"west"},
				"up":{"uv":[7,7,5,8],"rotation":270,"texture":"#all","cullface":"west"},
				"down":{"uv":[7,7,5,8],"rotation":90,"texture":"#all","cullface":"west"}
			}
		},
		{
			"from":[-0.5,7.01,10.01],
			"to":[0,7.99,12.99],
			"faces":{
				"north":{"uv":[10,9,11,8],"texture":"#all","cullface":"west"},
				"south":{"uv":[12,8,13,9],"texture":"#all","cullface":"west"},
				"west":{"uv":[10,8,13,9],"texture":"#all","cullface":"west"},
				"up":{"uv":[13,8,10,9],"rotation":270,"texture":"#all","cullface":"west"},
				"down":{"uv":[13,8,10,9],"rotation":90,"texture":"#all","cullface":"west"}
			}
		},
		{
			"from":[-0.5,6.01,9.01],
			"to":[0,6.99,9.99],
			"faces":{
				"north":{"uv":[9,10,10,9],"texture":"#all","cullface":"west"},
				"south":{"uv":[9,9,10,10],"texture":"#all","cullface":"west"},
				"west":{"uv":[9,9,10,10],"texture":"#all","cullface":"west"},
				"up":{"uv":[9,9,10,10],"rotation":270,"texture":"#all","cullface":"west"},
				"down":{"uv":[10,9,9,10],"rotation":90,"texture":"#all","cullface":"west"}
			}
		},
		{
			"from":[-0.5,5.01,4.01],
			"to":[0,5.99,5.99],
			"faces":{
				"north":{"uv":[4,11,5,10],"texture":"#all","cullface":"west"},
				"south":{"uv":[5,10,6,11],"texture":"#all","cullface":"west"},
				"west":{"uv":[4,10,6,11],"texture":"#all","cullface":"west"},
				"up":{"uv":[6,10,4,11],"rotation":270,"texture":"#all","cullface":"west"},
				"down":{"uv":[6,10,4,11],"rotation":90,"texture":"#all","cullface":"west"}
			}
		},
		{
			"from":[-0.5,3.01,6.01],
			"to":[0,4.99,6.99],
			"faces":{
				"north":{"uv":[6,11,7,13],"texture":"#all","cullface":"west"},
				"south":{"uv":[6,11,7,13],"texture":"#all","cullface":"west"},
				"west":{"uv":[6,11,7,13],"texture":"#all","cullface":"west"},
				"up":{"uv":[6,11,7,12],"rotation":270,"texture":"#all","cullface":"west"},
				"down":{"uv":[7,12,6,13],"rotation":90,"texture":"#all","cullface":"west"}
			}
		},
		{
			"from":[-0.5,1.01,7.01],
			"to":[0,2.99,7.99],
			"faces":{
				"north":{"uv":[7,13,8,15],"texture":"#all","cullface":"west"},
				"south":{"uv":[7,13,8,15],"texture":"#all","cullface":"west"},
				"west":{"uv":[7,13,8,15],"texture":"#all","cullface":"west"},
				"up":{"uv":[7,13,8,14],"rotation":270,"texture":"#all","cullface":"west"},
				"down":{"uv":[8,14,7,15],"rotation":90,"texture":"#all","cullface":"west"}
			}
		},
		{
			"from":[-0.5,4.01,15.01],
			"to":[0,6.99,15.99],
			"faces":{
				"north":{"uv":[15,9,16,12],"texture":"#all","cullface":"west"},
				"south":{"uv":[15,9,16,12],"texture":"#all","cullface":"west"},
				"west":{"uv":[15,9,16,12],"texture":"#all","cullface":"west"},
				"up":{"uv":[15,9,16,10],"rotation":270,"texture":"#all","cullface":"west"},
				"down":{"uv":[16,11,15,12],"rotation":90,"texture":"#all","cullface":"west"}
			}
		},
		{
			"from":[-0.5,2.01,14.01],
			"to":[0,3.99,14.99],
			"faces":{
				"north":{"uv":[14,12,15,14],"texture":"#all","cullface":"west"},
				"south":{"uv":[14,12,15,14],"texture":"#all","cullface":"west"},
				"west":{"uv":[14,12,15,14],"texture":"#all","cullface":"west"},
				"up":{"uv":[14,12,15,13],"rotation":270,"texture":"#all","cullface":"west"}
			}
		},
		{
			"from":[-0.5,12.99,9.01],
			"to":[0,13.99,10.99],
			"faces":{
				"north":{"uv":[9,3,10,2],"texture":"#all","cullface":"west"},
				"south":{"uv":[10,2,11,3],"texture":"#all","cullface":"west"},
				"west":{"uv":[9,2,11,3],"texture":"#all","cullface":"west"},
				"up":{"uv":[11,2,9,3],"rotation":270,"texture":"#all","cullface":"west"},
				"down":{"uv":[11,2,9,3],"rotation":90,"texture":"#all","cullface":"west"}
			}
		},
		{
			"from":[-0.5,12.01,10.01],
			"to":[0,12.99,11.99],
			"faces":{
				"north":{"uv":[9,3,10,2],"texture":"#all","cullface":"west"},
				"south":{"uv":[10,2,11,3],"texture":"#all","cullface":"west"},
				"west":{"uv":[9,2,11,3],"texture":"#all","cullface":"west"},
				"up":{"uv":[11,2,9,3],"rotation":270,"texture":"#all","cullface":"west"},
				"down":{"uv":[11,2,9,3],"rotation":90,"texture":"#all","cullface":"west"}
			}
		},
		{
			"from":[-0.5,9.01,12.01],
			"to":[0,11.99,12.99],
			"faces":{
				"north":{"uv":[12,4,13,7],"texture":"#all","cullface":"west"},
				"south":{"uv":[12,4,13,7],"texture":"#all","cullface":"west"},
				"west":{"uv":[12,4,13,7],"texture":"#all","cullface":"west"},
				"up":{"uv":[12,4,13,5],"rotation":270,"texture":"#all","cullface":"west"},
				"down":{"uv":[13,6,12,7],"rotation":90,"texture":"#all","cullface":"west"}
			}
		},
		{
			"from":[-0.5,14.01,14.01],
			"to":[0,15.99,14.99],
			"faces":{
				"north":{"uv":[14,0,15,2],"texture":"#all","cullface":"west"},
				"south":{"uv":[14,0,15,2],"texture":"#all","cullface":"west"},
				"west":{"uv":[14,0,15,2],"texture":"#all","cullface":"west"},
				"down":{"uv":[15,1,14,2],"rotation":90,"texture":"#all","cullface":"west"}
			}
		},
		{
			"from":[-0.5,15.01,13.01],
			"to":[0,15.99,15.01],
			"faces":{
				"north":{"uv":[13,1,14,0],"texture":"#all","cullface":"west"},
				"west":{"uv":[13,0,14,1],"texture":"#all","cullface":"west"},
				"up":{"uv":[13,0,14,1],"rotation":270,"texture":"#all","cullface":"west"},
				"down":{"uv":[14,0,13,1],"rotation":90,"texture":"#all","cullface":"west"}
			}
		},
		{
			"from":[-0.5,0.01,12.01],
			"to":[0,0.99,12.99],
			"faces":{
				"north":{"uv":[12,16,13,15],"texture":"#all","cullface":"west"},
				"south":{"uv":[12,15,13,16],"texture":"#all","cullface":"west"},
				"west":{"uv":[12,15,13,16],"texture":"#all","cullface":"west"},
				"up":{"uv":[12,15,13,16],"rotation":270,"texture":"#all","cullface":"west"},
				"down":{"uv":[13,15,12,16],"rotation":90,"texture":"#all","cullface":"west"}
			}
		},
		{
			"from":[-0.5,12.01,0.01],
			"to":[0,12.99,0.99],
			"faces":{
				"north":{"uv":[0,4,1,3],"texture":"#all","cullface":"west"},
				"south":{"uv":[0,3,1,4],"texture":"#all","cullface":"west"},
				"west":{"uv":[0,3,1,4],"texture":"#all","cullface":"west"},
				"up":{"uv":[0,3,1,4],"rotation":270,"texture":"#all","cullface":"west"},
				"down":{"uv":[1,3,0,4],"rotation":90,"texture":"#all","cullface":"west"}
			}
		},
		{
			"from":[-0.5,13.01,1.01],
			"to":[0,13.99,1.99],
			"faces":{
				"north":{"uv":[1,3,2,2],"texture":"#all","cullface":"west"},
				"south":{"uv":[1,2,2,3],"texture":"#all","cullface":"west"},
				"west":{"uv":[1,2,2,3],"texture":"#all","cullface":"west"},
				"up":{"uv":[1,2,2,3],"rotation":270,"texture":"#all","cullface":"west"},
				"down":{"uv":[2,2,1,3],"rotation":90,"texture":"#all","cullface":"west"}
			}
		},
		{
			"from":[-0.5,14.01,2.01],
			"to":[0,14.99,4.99],
			"faces":{
				"north":{"uv":[2,2,3,1],"texture":"#all","cullface":"west"},
				"south":{"uv":[4,1,5,2],"texture":"#all","cullface":"west"},
				"west":{"uv":[2,1,5,2],"texture":"#all","cullface":"west"},
				"up":{"uv":[5,1,2,2],"rotation":270,"texture":"#all","cullface":"west"},
				"down":{"uv":[5,1,2,2],"rotation":90,"texture":"#all","cullface":"west"}
			}
		},
		{
			"from":[13.01,-0.5,2.01],
			"to":[15.01,0,2.99],
			"faces":{
				"north":{"uv":[14,13,13,14],"texture":"#all","cullface":"down"},
				"south":{"uv":[14,13,13,14],"texture":"#all","cullface":"down"},
				"west":{"uv":[13,14,14,13],"rotation":90,"texture":"#all","cullface":"down"},
				"down":{"uv":[13,13,14,14],"texture":"#all","cullface":"down"}
			}
		},
		{
			"from":[15.01,-0.5,10.01],
			"to":[15.99,0,11.99],
			"faces":{
				"north":{"uv":[16,5,15,6],"texture":"#all","cullface":"down"},
				"east":{"uv":[15,4,16,6],"rotation":270,"texture":"#all","cullface":"down"},
				"south":{"uv":[16,4,15,5],"texture":"#all","cullface":"down"},
				"west":{"uv":[15,4,16,6],"rotation":90,"texture":"#all","cullface":"down"},
				"down":{"uv":[15,4,16,6],"texture":"#all","cullface":"down"}
			}
		},
		{
			"from":[7.01,-0.5,9.01],
			"to":[7.99,0,9.99],
			"faces":{
				"north":{"uv":[8,6,7,7],"texture":"#all","cullface":"down"},
				"east":{"uv":[7,6,8,7],"rotation":270,"texture":"#all","cullface":"down"},
				"south":{"uv":[8,6,7,7],"texture":"#all","cullface":"down"},
				"west":{"uv":[7,7,8,6],"rotation":90,"texture":"#all","cullface":"down"},
				"down":{"uv":[7,6,8,7],"texture":"#all","cullface":"down"}
			}
		},
		{
			"from":[5.01,-0.5,8.01],
			"to":[6.99,0,8.99],
			"faces":{
				"north":{"uv":[7,7,5,8],"texture":"#all","cullface":"down"},
				"east":{"uv":[6,7,7,8],"rotation":270,"texture":"#all","cullface":"down"},
				"south":{"uv":[5,7,7,8],"texture":"#all","cullface":"down"},
				"west":{"uv":[5,8,6,7],"rotation":90,"texture":"#all","cullface":"down"},
				"down":{"uv":[5,7,7,8],"texture":"#all","cullface":"down"}
			}
		},
		{
			"from":[10.01,-0.5,7.01],
			"to":[12.99,0,7.99],
			"faces":{
				"north":{"uv":[13,8,10,9],"texture":"#all","cullface":"down"},
				"east":{"uv":[12,8,13,9],"rotation":270,"texture":"#all","cullface":"down"},
				"south":{"uv":[10,8,13,9],"texture":"#all","cullface":"down"},
				"west":{"uv":[10,9,11,8],"rotation":90,"texture":"#all","cullface":"down"},
				"down":{"uv":[10,8,13,9],"texture":"#all","cullface":"down"}
			}
		},
		{
			"from":[9.01,-0.5,6.01],
			"to":[9.99,0,6.99],
			"faces":{
				"north":{"uv":[10,9,9,10],"texture":"#all","cullface":"down"},
				"east":{"uv":[9,9,10,10],"rotation":270,"texture":"#all","cullface":"down"},
				"south":{"uv":[10,9,9,10],"texture":"#all","cullface":"down"},
				"west":{"uv":[9,10,10,9],"rotation":90,"texture":"#all","cullface":"down"},
				"down":{"uv":[9,9,10,10],"texture":"#all","cullface":"down"}
			}
		},
		{
			"from":[4.01,-0.5,5.01],
			"to":[5.99,0,5.99],
			"faces":{
				"north":{"uv":[6,10,4,11],"texture":"#all","cullface":"down"},
				"east":{"uv":[5,10,6,11],"rotation":270,"texture":"#all","cullface":"down"},
				"south":{"uv":[4,10,6,11],"texture":"#all","cullface":"down"},
				"west":{"uv":[4,11,5,10],"rotation":90,"texture":"#all","cullface":"down"},
				"down":{"uv":[4,10,6,11],"texture":"#all","cullface":"down"}
			}
		},
		{
			"from":[6.01,-0.5,3.01],
			"to":[6.99,0,4.99],
			"faces":{
				"north":{"uv":[7,12,6,13],"texture":"#all","cullface":"down"},
				"east":{"uv":[6,11,7,13],"rotation":270,"texture":"#all","cullface":"down"},
				"south":{"uv":[7,11,6,12],"texture":"#all","cullface":"down"},
				"west":{"uv":[6,11,7,13],"rotation":90,"texture":"#all","cullface":"down"},
				"down":{"uv":[6,11,7,13],"texture":"#all","cullface":"down"}
			}
		},
		{
			"from":[7.01,-0.5,1.01],
			"to":[7.99,0,2.99],
			"faces":{
				"north":{"uv":[8,14,7,15],"texture":"#all","cullface":"down"},
				"east":{"uv":[7,13,8,15],"rotation":270,"texture":"#all","cullface":"down"},
				"south":{"uv":[8,13,7,14],"texture":"#all","cullface":"down"},
				"west":{"uv":[7,13,8,15],"rotation":90,"texture":"#all","cullface":"down"},
				"down":{"uv":[7,13,8,15],"texture":"#all","cullface":"down"}
			}
		},
		{
			"from":[15.01,-0.5,4.01],
			"to":[15.99,0,6.99],
			"faces":{
				"north":{"uv":[16,11,15,12],"texture":"#all","cullface":"down"},
				"east":{"uv":[15,9,16,12],"rotation":270,"texture":"#all","cullface":"down"},
				"south":{"uv":[16,9,15,10],"texture":"#all","cullface":"down"},
				"west":{"uv":[15,9,16,12],"rotation":90,"texture":"#all","cullface":"down"},
				"down":{"uv":[15,9,16,12],"texture":"#all","cullface":"down"}
			}
		},
		{
			"from":[14.01,-0.5,2.01],
			"to":[14.99,0,3.99],
			"faces":{
				"east":{"uv":[14,12,15,14],"rotation":270,"texture":"#all","cullface":"down"},
				"south":{"uv":[15,12,14,13],"texture":"#all","cullface":"down"},
				"west":{"uv":[14,12,15,14],"rotation":90,"texture":"#all","cullface":"down"},
				"down":{"uv":[14,12,15,14],"texture":"#all","cullface":"down"}
			}
		},
		{
			"from":[9.01,-0.5,12.99],
			"to":[10.99,0,13.99],
			"faces":{
				"north":{"uv":[11,2,9,3],"texture":"#all","cullface":"down"},
				"east":{"uv":[10,2,11,3],"rotation":270,"texture":"#all","cullface":"down"},
				"south":{"uv":[9,2,11,3],"texture":"#all","cullface":"down"},
				"west":{"uv":[9,3,10,2],"rotation":90,"texture":"#all","cullface":"down"},
				"down":{"uv":[9,2,11,3],"texture":"#all","cullface":"down"}
			}
		},
		{
			"from":[10.01,-0.5,12.01],
			"to":[11.99,0,12.99],
			"faces":{
				"north":{"uv":[11,2,9,3],"texture":"#all","cullface":"down"},
				"east":{"uv":[10,2,11,3],"rotation":270,"texture":"#all","cullface":"down"},
				"south":{"uv":[9,2,11,3],"texture":"#all","cullface":"down"},
				"west":{"uv":[9,3,10,2],"rotation":90,"texture":"#all","cullface":"down"},
				"down":{"uv":[9,2,11,3],"texture":"#all","cullface":"down"}
			}
		},
		{
			"from":[12.01,-0.5,9.01],
			"to":[12.99,0,11.99],
			"faces":{
				"north":{"uv":[13,6,12,7],"texture":"#all","cullface":"down"},
				"east":{"uv":[12,4,13,7],"rotation":270,"texture":"#all","cullface":"down"},
				"south":{"uv":[13,4,12,5],"texture":"#all","cullface":"down"},
				"west":{"uv":[12,4,13,7],"rotation":90,"texture":"#all","cullface":"down"},
				"down":{"uv":[12,4,13,7],"texture":"#all","cullface":"down"}
			}
		},
		{
			"from":[14.01,-0.5,14.01],
			"to":[14.99,0,15.99],
			"faces":{
				"north":{"uv":[15,1,14,2],"texture":"#all","cullface":"down"},
				"east":{"uv":[14,0,15,2],"rotation":270,"texture":"#all","cullface":"down"},
				"west":{"uv":[14,0,15,2],"rotation":90,"texture":"#all","cullface":"down"},
				"down":{"uv":[14,0,15,2],"texture":"#all","cullface":"down"}
			}
		},
		{
			"from":[13.01,-0.5,15.01],
			"to":[15.01,0,15.99],
			"faces":{
				"north":{"uv":[14,0,13,1],"texture":"#all","cullface":"down"},
				"south":{"uv":[14,0,13,1],"texture":"#all","cullface":"down"},
				"west":{"uv":[13,1,14,0],"rotation":90,"texture":"#all","cullface":"down"},
				"down":{"uv":[13,0,14,1],"texture":"#all","cullface":"down"}
			}
		},
		{
			"from":[12.01,-0.5,0.01],
			"to":[12.99,0,0.99],
			"faces":{
				"north":{"uv":[13,15,12,16],"texture":"#all","cullface":"down"},
				"east":{"uv":[12,15,13,16],"rotation":270,"texture":"#all","cullface":"down"},
				"south":{"uv":[13,15,12,16],"texture":"#all","cullface":"down"},
				"west":{"uv":[12,16,13,15],"rotation":90,"texture":"#all","cullface":"down"},
				"down":{"uv":[12,15,13,16],"texture":"#all","cullface":"down"}
			}
		},
		{
			"from":[0.01,-0.5,12.01],
			"to":[0.99,0,12.99],
			"faces":{
				"north":{"uv":[1,3,0,4],"texture":"#all","cullface":"down"},
				"east":{"uv":[0,3,1,4],"rotation":270,"texture":"#all","cullface":"down"},
				"south":{"uv":[1,3,0,4],"texture":"#all","cullface":"down"},
				"west":{"uv":[0,4,1,3],"rotation":90,"texture":"#all","cullface":"down"},
				"down":{"uv":[0,3,1,4],"texture":"#all","cullface":"down"}
			}
		},
		{
			"from":[1.01,-0.5,13.01],
			"to":[1.99,0,13.99],
			"faces":{
				"north":{"uv":[2,2,1,3],"texture":"#all","cullface":"down"},
				"east":{"uv":[1,2,2,3],"rotation":270,"texture":"#all","cullface":"down"},
				"south":{"uv":[2,2,1,3],"texture":"#all","cullface":"down"},
				"west":{"uv":[1,3,2,2],"rotation":90,"texture":"#all","cullface":"down"},
				"down":{"uv":[1,2,2,3],"texture":"#all","cullface":"down"}
			}
		},
		{
			"from":[2.01,-0.5,14.01],
			"to":[4.99,0,14.99],
			"faces":{
				"north":{"uv":[5,1,2,2],"texture":"#all","cullface":"down"},
				"east":{"uv":[4,1,5,2],"rotation":270,"texture":"#all","cullface":"down"},
				"south":{"uv":[2,1,5,2],"texture":"#all","cullface":"down"},
				"west":{"uv":[2,2,3,1],"rotation":90,"texture":"#all","cullface":"down"},
				"down":{"uv":[2,1,5,2],"texture":"#all","cullface":"down"}
			}
		}
	],
	"display":{
		"thirdperson_righthand":{
			"rotation":[75,45,0],
			"translation":[0,2.5,0],
			"scale":[0.375,0.375,0.375]
		},
		"firstperson_righthand":{
			"rotation":[0,45,0],
			"scale":[0.4,0.4,0.4]
		},
		"firstperson_lefthand":{
			"rotation":[0,225,0],
			"scale":[0.4,0.4,0.4]
		},
		"ground":{
			"translation":[0,3,0],
			"scale":[0.25,0.25,0.25]
		},
		"gui":{
			"rotation":[30,225,0],
			"scale":[0.625,0.625,0.625]
		},
		"fixed":{
			"scale":[0.5,0.5,0.5]
		}
	}
}