{
	"__comment":"Designed by GeForceLegend",
	"parent":"block/block",
	"textures":{
		"particle":"block/lantern",
		"all":"block/lantern"
	},
	"elements":[
		{
			"from":[5,0,5],
			"to":[11,7,11],
			"faces":{
				"north":{"uv":[0,2,6,9],"texture":"#all"},
				"east":{"uv":[0,2,6,9],"texture":"#all"},
				"south":{"uv":[0,2,6,9],"texture":"#all"},
				"west":{"uv":[0,2,6,9],"texture":"#all"},
				"up":{"uv":[0,9,6,15],"texture":"#all"},
				"down":{"uv":[0,9,6,15],"texture":"#all","cullface":"down"}
			}
		},
		{
			"from":[6,7,6],
			"to":[10,9,10],
			"faces":{
				"north":{"uv":[1,0,5,2],"texture":"#all"},
				"east":{"uv":[1,0,5,2],"texture":"#all"},
				"south":{"uv":[1,0,5,2],"texture":"#all"},
				"west":{"uv":[1,0,5,2],"texture":"#all"},
				"up":{"uv":[1,10,5,14],"texture":"#all"}
			}
		},
		{
			"from":[8.5,9,7.5],
			"to":[9.5,11,8.5],
			"rotation":{"angle":-45,"axis":"y","origin":[8,1,8]},
			"faces":{
				"north":{"uv":[11,10,12,12],"texture":"#all"},
				"east":{"uv":[11,10,12,12],"texture":"#all"},
				"south":{"uv":[11,10,12,12],"texture":"#all"},
				"west":{"uv":[11,10,12,12],"texture":"#all"},
				"up":{"uv":[11,10,12,11],"texture":"#all"}
			}
		},
		{
			"from":[6.5,9,7.5],
			"to":[7.5,11,8.5],
			"rotation":{"angle":-45,"axis":"y","origin":[8,1,8]},
			"faces":{
				"north":{"uv":[13,10,14,12],"texture":"#all"},
				"east":{"uv":[13,10,14,12],"texture":"#all"},
				"south":{"uv":[13,10,14,12],"texture":"#all"},
				"west":{"uv":[13,10,14,12],"texture":"#all"},
				"up":{"uv":[13,10,14,11],"texture":"#all"}
			}
		},
		{
			"from":[7.5,10,7.5],
			"to":[8.5,11,8.5],
			"rotation":{"angle":-45,"axis":"y","origin":[8,1,8]},
			"faces":{
				"north":{"uv":[12,10,13,11],"texture":"#all"},
				"south":{"uv":[12,10,13,11],"texture":"#all"},
				"up":{"uv":[12,10,13,11],"texture":"#all"},
				"down":{"uv":[12,10,13,11],"texture":"#all"}
			}
		}
	]
}