{
	"__comment":"Designed by GeForceLegend",
	"ambientocclusion":false,
	"textures":{
		"particle":"block/lily_pad",
		"texture":"block/lily_pad"
	},
	"elements":[
		{
			"from":[2,0.5,4],
			"to":[3,1.5,11],
			"faces":{
				"north":{"uv":[2,4,3,5],"texture":"#texture","tintindex":0},
				"south":{"uv":[2,10,3,11],"texture":"#texture","tintindex":0},
				"west":{"uv":[2,4,3,11],"texture":"#texture","tintindex":0},
				"up":{"uv":[2,4,3,11],"texture":"#texture","tintindex":0},
				"down":{"uv":[2,11,3,4],"texture":"#texture","tintindex":0}
			}
		},
		{
			"from":[3,0.5,2],
			"to":[4,1.5,13],
			"faces":{
				"north":{"uv":[3,2,4,3],"texture":"#texture","tintindex":0},
				"south":{"uv":[3,12,4,13],"texture":"#texture","tintindex":0},
				"west":{"uv":[3,2,4,13],"rotation":270,"texture":"#texture","tintindex":0},
				"up":{"uv":[3,2,4,13],"texture":"#texture","tintindex":0},
				"down":{"uv":[3,13,4,2],"texture":"#texture","tintindex":0}
			}
		},
		{
			"from":[4,0.5,1],
			"to":[7,1.5,14],
			"faces":{
				"north":{"uv":[7,1,4,2],"texture":"#texture","tintindex":0},
				"east":{"uv":[6,1,7,14],"rotation":90,"texture":"#texture","tintindex":0},
				"south":{"uv":[4,13,7,14],"texture":"#texture","tintindex":0},
				"west":{"uv":[4,1,5,14],"rotation":270,"texture":"#texture","tintindex":0},
				"up":{"uv":[4,1,7,14],"texture":"#texture","tintindex":0},
				"down":{"uv":[4,14,7,1],"texture":"#texture","tintindex":0}
			}
		},
		{
			"from":[6,0.5,14],
			"to":[11,1.5,15],
			"faces":{
				"east":{"uv":[10,14,11,15],"texture":"#texture","tintindex":0},
				"south":{"uv":[6,14,11,15],"texture":"#texture","tintindex":0},
				"west":{"uv":[6,14,7,15],"texture":"#texture","tintindex":0},
				"up":{"uv":[6,14,11,15],"texture":"#texture","tintindex":0},
				"down":{"uv":[6,14,11,15],"texture":"#texture","tintindex":0}
			}
		},
		{
			"from":[7,0.5,3],
			"to":[8,1.5,14],
			"faces":{
				"north":{"uv":[7,3,8,4],"texture":"#texture","tintindex":0},
				"east":{"uv":[7,3,8,14],"rotation":90,"texture":"#texture","tintindex":0},
				"up":{"uv":[7,3,8,14],"texture":"#texture","tintindex":0},
				"down":{"uv":[7,14,8,3],"texture":"#texture","tintindex":0}
			}
		},
		{
			"from":[8,0.5,5],
			"to":[10,1.5,14],
			"faces":{
				"north":{"uv":[10,5,8,6],"texture":"#texture","tintindex":0},
				"up":{"uv":[8,5,10,14],"texture":"#texture","tintindex":0},
				"down":{"uv":[8,14,10,5],"texture":"#texture","tintindex":0}
			}
		},
		{
			"from":[9,0.5,3],
			"to":[10,1.5,5],
			"faces":{
				"north":{"uv":[9,3,10,4],"texture":"#texture","tintindex":0},
				"west":{"uv":[9,3,10,5],"rotation":270,"texture":"#texture","tintindex":0},
				"up":{"uv":[9,3,10,5],"texture":"#texture","tintindex":0},
				"down":{"uv":[9,5,10,3],"texture":"#texture","tintindex":0}
			}
		},
		{
			"from":[10,0.5,1],
			"to":[13,1.5,14],
			"faces":{
				"north":{"uv":[13,1,10,2],"texture":"#texture","tintindex":0},
				"east":{"uv":[12,1,13,14],"rotation":90,"texture":"#texture","tintindex":0},
				"south":{"uv":[10,13,13,14],"texture":"#texture","tintindex":0},
				"west":{"uv":[10,1,11,14],"rotation":270,"texture":"#texture","tintindex":0},
				"up":{"uv":[10,1,13,14],"texture":"#texture","tintindex":0},
				"down":{"uv":[10,14,13,1],"texture":"#texture","tintindex":0}
			}
		},
		{
			"from":[13,0.5,2],
			"to":[14,1.5,13],
			"faces":{
				"north":{"uv":[13,2,14,3],"texture":"#texture","tintindex":0},
				"east":{"uv":[13,2,14,13],"rotation":90,"texture":"#texture","tintindex":0},
				"south":{"uv":[13,12,14,13],"texture":"#texture","tintindex":0},
				"up":{"uv":[13,2,14,13],"texture":"#texture","tintindex":0},
				"down":{"uv":[13,13,14,2],"texture":"#texture","tintindex":0}
			}
		},
		{
			"from":[14,0.5,4],
			"to":[15,1.5,11],
			"faces":{
				"north":{"uv":[14,4,15,5],"texture":"#texture","tintindex":0},
				"east":{"uv":[14,4,15,11],"rotation":90,"texture":"#texture","tintindex":0},
				"south":{"uv":[14,10,15,11],"texture":"#texture","tintindex":0},
				"up":{"uv":[14,4,15,11],"texture":"#texture","tintindex":0},
				"down":{"uv":[14,11,15,4],"texture":"#texture","tintindex":0}
			}
		}
	]
}