{
	"__comment":"Designed by GeForceLegend",
	"ambientocclusion":false,
	"textures":{
		"leaves":"block/bamboo_small_leaves",
		"flowerpot":"block/flower_pot",
		"particle":"block/flower_pot",
		"dirt":"block/dirt",
		"bamboo":"block/bamboo_stalk"
	},
	"elements":[
		{
			"from":[5,0,5],
			"to":[11,4,11],
			"faces":{
				"up":{"uv":[5,5,11,11],"texture":"#dirt"},
				"down":{"uv":[5,10,11,16],"texture":"#flowerpot","cullface":"down"}
			}
		},
		{
			"from":[5,0,5],
			"to":[6,6,11],
			"faces":{
				"north":{"uv":[10,10,11,16],"texture":"#flowerpot"},
				"east":{"uv":[5,10,11,16],"texture":"#flowerpot"},
				"south":{"uv":[5,10,6,16],"texture":"#flowerpot"},
				"west":{"uv":[5,10,11,16],"texture":"#flowerpot"},
				"up":{"uv":[5,5,6,11],"texture":"#flowerpot"}
			}
		},
		{
			"from":[10,0,5],
			"to":[11,6,11],
			"faces":{
				"north":{"uv":[5,10,6,16],"texture":"#flowerpot"},
				"east":{"uv":[5,10,11,16],"texture":"#flowerpot"},
				"south":{"uv":[10,10,11,16],"texture":"#flowerpot"},
				"west":{"uv":[5,10,11,16],"texture":"#flowerpot"},
				"up":{"uv":[10,5,11,11],"texture":"#flowerpot"}
			}
		},
		{
			"from":[6,0,10],
			"to":[10,6,11],
			"faces":{
				"north":{"uv":[6,10,10,16],"texture":"#flowerpot"},
				"south":{"uv":[6,10,10,16],"texture":"#flowerpot"},
				"up":{"uv":[6,10,10,11],"texture":"#flowerpot"}
			}
		},
		{
			"from":[6,0,5],
			"to":[10,6,6],
			"faces":{
				"north":{"uv":[6,10,10,16],"texture":"#flowerpot"},
				"south":{"uv":[6,10,10,16],"texture":"#flowerpot"},
				"up":{"uv":[6,5,10,6],"texture":"#flowerpot"}
			}
		},
		{
			"from":[7,0,7],
			"to":[9,16,9],
			"faces":{
				"north":{"uv":[6,0,8,16],"texture":"#bamboo"},
				"east":{"uv":[6,0,8,16],"texture":"#bamboo"},
				"south":{"uv":[6,0,8,16],"texture":"#bamboo"},
				"west":{"uv":[6,0,8,16],"texture":"#bamboo"},
				"up":{"uv":[13,0,15,2],"texture":"#bamboo"}
			}
		},
		{
			"from":[4,15,2],
			"to":[12,15,8],
			"rotation":{"angle":-22.5,"axis":"x","origin":[8,15,8]},
			"faces":{
				"up":{"uv":[16,16,0,4],"texture":"#leaves"},
				"down":{"uv":[16,4,0,16],"texture":"#leaves"}
			}
		},
		{
			"from":[8,15,4],
			"to":[14,15,12],
			"rotation":{"angle":-22.5,"axis":"z","origin":[8,15,8]},
			"faces":{
				"up":{"uv":[16,16,0,4],"rotation":90,"texture":"#leaves"},
				"down":{"uv":[16,4,0,16],"rotation":270,"texture":"#leaves"}
			}
		},
		{
			"from":[2,15,4],
			"to":[8,15,12],
			"rotation":{"angle":22.5,"axis":"z","origin":[8,15,8]},
			"faces":{
				"up":{"uv":[0,4,16,16],"rotation":90,"texture":"#leaves"},
				"down":{"uv":[0,16,16,4],"rotation":270,"texture":"#leaves"}
			}
		},
		{
			"from":[4,15,8],
			"to":[12,15,14],
			"rotation":{"angle":22.5,"axis":"x","origin":[8,15,8]},
			"faces":{
				"up":{"uv":[0,4,16,16],"texture":"#leaves"},
				"down":{"uv":[0,16,16,4],"texture":"#leaves"}
			}
		}
	]
}