{
	"__comment":"Designed by GeForceLegend",
	"parent":"block/cube_bottom_top",
	"textures":{
		"bottom":"block/tnt_bottom",
		"top":"block/tnt_top",
		"side":"block/tnt_side"
	},
	"elements":[
		{
			"from":[0,0,0],
			"to":[16,16,16],
			"faces":{
				"north":{"uv":[0,0,16,16],"texture":"#side","cullface":"north"},
				"east":{"uv":[0,0,16,16],"texture":"#side","cullface":"east"},
				"south":{"uv":[0,0,16,16],"texture":"#side","cullface":"south"},
				"west":{"uv":[0,0,16,16],"texture":"#side","cullface":"west"},
				"up":{"uv":[0,0,16,16],"texture":"#top","cullface":"up"},
				"down":{"uv":[0,0,16,16],"texture":"#bottom","cullface":"down"}
			}
		},
		{
			"from":[3.025,16,4.025],
			"to":[4.975,16.9,4.975],
			"faces":{
				"north":{"uv":[5,4,3,5],"texture":"#top","cullface":"up"},
				"east":{"uv":[4,4,5,5],"texture":"#top","cullface":"up"},
				"south":{"uv":[3,4,5,5],"texture":"#top","cullface":"up"},
				"west":{"uv":[3,4,4,5],"texture":"#top","cullface":"up"},
				"up":{"uv":[3,4,5,5],"texture":"#top","cullface":"up"}
			}
		},
		{
			"from":[3.975,16,8.975],
			"to":[4.975,16.9,9.975],
			"faces":{
				"north":{"uv":[5,9,4,10],"texture":"#top","cullface":"up"},
				"east":{"uv":[4,9,5,10],"texture":"#top","cullface":"up"},
				"south":{"uv":[4,9,5,10],"texture":"#top","cullface":"up"},
				"west":{"uv":[3,4,4,5],"texture":"#top","cullface":"up"},
				"up":{"uv":[4,9,5,10],"texture":"#top","cullface":"up"}
			}
		},
		{
			"from":[5.025,16,3.025],
			"to":[5.975,16.9,3.975],
			"faces":{
				"north":{"uv":[6,3,5,4],"texture":"#top","cullface":"up"},
				"east":{"uv":[5,3,6,4],"texture":"#top","cullface":"up"},
				"south":{"uv":[5,3,6,4],"texture":"#top","cullface":"up"},
				"west":{"uv":[3,4,4,5],"texture":"#top","cullface":"up"},
				"up":{"uv":[5,3,6,4],"texture":"#top","cullface":"up"}
			}
		},
		{
			"from":[4.975,16,8.025],
			"to":[10.975,16.9,8.975],
			"faces":{
				"north":{"uv":[11,8,5,9],"texture":"#top","cullface":"up"},
				"east":{"uv":[10,8,11,9],"texture":"#top","cullface":"up"},
				"south":{"uv":[5,8,11,9],"texture":"#top","cullface":"up"},
				"west":{"uv":[3,4,4,5],"texture":"#top","cullface":"up"},
				"up":{"uv":[5,8,11,9],"texture":"#top","cullface":"up"}
			}
		},
		{
			"from":[4.975,16,9.975],
			"to":[5.975,16.9,11.975],
			"faces":{
				"north":{"uv":[6,10,5,11],"texture":"#top","cullface":"up"},
				"east":{"uv":[5,10,6,12],"texture":"#top","cullface":"up"},
				"south":{"uv":[5,11,6,12],"texture":"#top","cullface":"up"},
				"west":{"uv":[3,4,4,5],"texture":"#top","cullface":"up"},
				"up":{"uv":[5,10,6,12],"texture":"#top","cullface":"up"}
			}
		},
		{
			"from":[5.975,16,5.025],
			"to":[6.975,16.9,9.975],
			"faces":{
				"north":{"uv":[7,5,6,6],"texture":"#top","cullface":"up"},
				"east":{"uv":[6,5,7,10],"texture":"#top","cullface":"up"},
				"south":{"uv":[6,9,7,10],"texture":"#top","cullface":"up"},
				"west":{"uv":[3,4,4,5],"texture":"#top","cullface":"up"},
				"up":{"uv":[6,5,7,10],"texture":"#top","cullface":"up"}
			}
		},
		{
			"from":[5.975,16,11.975],
			"to":[6.975,16.9,12.975],
			"faces":{
				"north":{"uv":[7,12,6,13],"texture":"#top","cullface":"up"},
				"east":{"uv":[6,12,7,13],"texture":"#top","cullface":"up"},
				"south":{"uv":[6,12,7,13],"texture":"#top","cullface":"up"},
				"west":{"uv":[3,4,4,5],"texture":"#top","cullface":"up"},
				"up":{"uv":[6,12,7,13],"texture":"#top","cullface":"up"}
			}
		},
		{
			"from":[7.025,16,2.025],
			"to":[8.975,16.9,2.975],
			"faces":{
				"north":{"uv":[9,2,7,3],"texture":"#top","cullface":"up"},
				"east":{"uv":[8,2,9,3],"texture":"#top","cullface":"up"},
				"south":{"uv":[7,2,9,3],"texture":"#top","cullface":"up"},
				"west":{"uv":[3,4,4,5],"texture":"#top","cullface":"up"},
				"up":{"uv":[7,2,9,3],"texture":"#top","cullface":"up"}
			}
		},
		{
			"from":[6.975,16,6.025],
			"to":[9.975,16.9,6.975],
			"faces":{
				"north":{"uv":[10,6,7,7],"texture":"#top","cullface":"up"},
				"east":{"uv":[9,6,10,7],"texture":"#top","cullface":"up"},
				"south":{"uv":[7,6,10,7],"texture":"#top","cullface":"up"},
				"up":{"uv":[7,6,10,7],"texture":"#top","cullface":"up"}
			}
		},
		{
			"from":[6.975,16,6.975],
			"to":[8.975,16.9,10.975],
			"faces":{
				"east":{"uv":[8,7,9,11],"texture":"#top","cullface":"up"},
				"south":{"uv":[7,10,9,11],"texture":"#top","cullface":"up"},
				"west":{"uv":[3,4,4,5],"texture":"#top","cullface":"up"},
				"up":{"uv":[7,7,9,11],"texture":"#top","cullface":"up"}
			}
		},
		{
			"from":[8.025,16,11.975],
			"to":[10.025,16.9,12.975],
			"faces":{
				"north":{"uv":[10,12,8,13],"texture":"#top","cullface":"up"},
				"east":{"uv":[9,12,10,13],"texture":"#top","cullface":"up"},
				"south":{"uv":[8,12,10,13],"texture":"#top","cullface":"up"},
				"west":{"uv":[3,4,4,5],"texture":"#top","cullface":"up"},
				"up":{"uv":[8,12,10,13],"texture":"#top","cullface":"up"}
			}
		},
		{
			"from":[10.025,16,3.025],
			"to":[12.025,16.9,4.025],
			"faces":{
				"north":{"uv":[12,3,10,4],"texture":"#top","cullface":"up"},
				"south":{"uv":[10,3,12,4],"texture":"#top","cullface":"up"},
				"west":{"uv":[3,4,4,5],"texture":"#top","cullface":"up"},
				"up":{"uv":[10,3,12,4],"texture":"#top","cullface":"up"}
			}
		},
		{
			"from":[10.025,16,10.975],
			"to":[11.025,16.9,11.975],
			"faces":{
				"north":{"uv":[11,11,10,12],"texture":"#top","cullface":"up"},
				"east":{"uv":[10,11,11,12],"texture":"#top","cullface":"up"},
				"south":{"uv":[10,11,11,12],"texture":"#top","cullface":"up"},
				"west":{"uv":[3,4,4,5],"texture":"#top","cullface":"up"},
				"up":{"uv":[10,11,11,12],"texture":"#top","cullface":"up"}
			}
		},
		{
			"from":[11.025,16,3.025],
			"to":[12.025,16.9,5.025],
			"faces":{
				"east":{"uv":[11,4,12,5],"texture":"#top","cullface":"up"},
				"south":{"uv":[11,4,12,5],"texture":"#top","cullface":"up"},
				"west":{"uv":[3,4,4,5],"texture":"#top","cullface":"up"},
				"up":{"uv":[11,4,12,5],"texture":"#top","cullface":"up"}
			}
		},
		{
			"from":[11.025,16,9.975],
			"to":[12.025,16.9,10.975],
			"faces":{
				"north":{"uv":[12,10,11,11],"texture":"#top","cullface":"up"},
				"east":{"uv":[11,10,12,11],"texture":"#top","cullface":"up"},
				"south":{"uv":[11,10,12,11],"texture":"#top","cullface":"up"},
				"west":{"uv":[3,4,4,5],"texture":"#top","cullface":"up"},
				"up":{"uv":[11,10,12,11],"texture":"#top","cullface":"up"}
			}
		},
		{
			"from":[12.025,16,2.075],
			"to":[13.975,16.9,3.025],
			"faces":{
				"north":{"uv":[14,2,12,3],"texture":"#top","cullface":"up"},
				"east":{"uv":[13,2,14,3],"texture":"#top","cullface":"up"},
				"south":{"uv":[12,2,14,3],"texture":"#top","cullface":"up"},
				"west":{"uv":[3,4,4,5],"texture":"#top","cullface":"up"},
				"up":{"uv":[12,2,14,3],"texture":"#top","cullface":"up"}
			}
		},
		{
			"from":[12.025,16,5.025],
			"to":[12.975,16.9,6.025],
			"faces":{
				"north":{"uv":[13,5,12,6],"texture":"#top","cullface":"up"},
				"east":{"uv":[12,5,13,6],"texture":"#top","cullface":"up"},
				"south":{"uv":[12,5,13,6],"texture":"#top","cullface":"up"},
				"west":{"uv":[3,4,4,5],"texture":"#top","cullface":"up"},
				"up":{"uv":[12,5,13,6],"texture":"#top","cullface":"up"}
			}
		},
		{
			"from":[12.025,16,7.975],
			"to":[13.025,16.9,9.975],
			"faces":{
				"north":{"uv":[13,8,12,9],"texture":"#top","cullface":"up"},
				"east":{"uv":[12,8,13,10],"texture":"#top","cullface":"up"},
				"south":{"uv":[12,9,13,10],"texture":"#top","cullface":"up"},
				"west":{"uv":[3,4,4,5],"texture":"#top","cullface":"up"},
				"up":{"uv":[12,8,13,10],"texture":"#top","cullface":"up"}
			}
		},
		{
			"from":[12.975,16,6.025],
			"to":[13.975,16.9,7.975],
			"faces":{
				"north":{"uv":[14,6,13,7],"texture":"#top","cullface":"up"},
				"east":{"uv":[13,6,14,8],"texture":"#top","cullface":"up"},
				"south":{"uv":[13,7,14,8],"texture":"#top","cullface":"up"},
				"west":{"uv":[3,4,4,5],"texture":"#top","cullface":"up"},
				"up":{"uv":[13,6,14,8],"texture":"#top","cullface":"up"}
			}
		}
	]
}