{
	"__comment":"Designed by GeForceLegend",
	"textures":{
		"bell":"entity/bell/bell_body",
		"bar":"block/dark_oak_planks",
		"particle":"item/bell"
	},
	"elements":[
		{
			"from":[0,13,7],
			"to":[16,15,9],
			"faces":{
				"north":{"uv":[2,2,14,4],"texture":"#bar"},
				"east":{"uv":[5,4,7,6],"texture":"#bar","cullface":"east"},
				"south":{"uv":[2,3,14,5],"texture":"#bar"},
				"west":{"uv":[5,4,7,6],"texture":"#bar","cullface":"west"},
				"up":{"uv":[2,3,14,5],"texture":"#bar"},
				"down":{"uv":[2,3,14,5],"texture":"#bar"}
			}
		},
		{
			"from":[5,6,5],
			"to":[11,13,11],
			"faces":{
				"north":{"uv":[3,3,6,6.5],"texture":"#bell"},
				"east":{"uv":[6,3,9,6.5],"texture":"#bell"},
				"south":{"uv":[9,3,12,6.5],"texture":"#bell"},
				"west":{"uv":[0,3,3,6.5],"texture":"#bell"},
				"up":{"uv":[3,0,6,3],"texture":"#bell"}
			}
		},
		{
			"from":[4,4,4],
			"to":[12,6,12],
			"faces":{
				"north":{"uv":[4,10.5,8,11.5],"texture":"#bell"},
				"east":{"uv":[0,10.5,4,11.5],"texture":"#bell"},
				"south":{"uv":[12,10.5,16,11.5],"texture":"#bell"},
				"west":{"uv":[8,10.5,12,11.5],"texture":"#bell"},
				"up":{"uv":[4,6.5,8,10.5],"texture":"#bell"},
				"down":{"uv":[8,6.5,12,10.5],"texture":"#bell"}
			}
		}
	],
	"display":{
		"gui":{
			"rotation":[30,225,0],
			"translation":[0,-1,0],
			"scale":[0.9,0.9,0.9]
		},
		"ground":{
			"rotation":[0,0,0],
			"translation":[0,3,0],
			"scale":[0.4,0.4,0.4]
		},
		"fixed":{
			"rotation":[0,0,0],
			"translation":[0,0,0],
			"scale":[1,1,1]
		},
		"thirdperson_righthand":{
			"rotation":[90,90,0],
			"translation":[0,2,0],
			"scale":[0.375,0.375,0.375]
		},
		"firstperson_righthand":{
			"rotation":[0,225,0],
			"translation":[0,2,0],
			"scale":[0.40,0.40,0.40]
		},
		"firstperson_lefthand":{
			"rotation":[0,45,0],
			"translation":[0,2,0],
			"scale":[0.40,0.40,0.40]
		}
	}
}