{
	"__comment":"Designed by GeForceLegend",
	"parent":"item/crossbow",
	"textures":{
		"layer0":"item/crossbow_pulling_7",
		"layer1":"item/crossbow_bottom",
		"particle":"item/crossbow_pulling_7"
	},
	"elements":[
		{
			"from":[13,0,7],
			"to":[15,4,8],
			"faces":{
				"north":{"uv":[15,12,13,16],"texture":"#layer1"},
				"east":{"uv":[14,12,15,16],"texture":"#layer1"},
				"south":{"uv":[13,12,15,16],"texture":"#layer1"},
				"west":{"uv":[13,12,14,16],"texture":"#layer1"},
				"up":{"uv":[13,12,15,13],"texture":"#layer1"},
				"down":{"uv":[13,15,15,16],"texture":"#layer1"}
			}
		},
		{
			"from":[15,1,7],
			"to":[16,3,8],
			"faces":{
				"north":{"uv":[15,13,16,15],"texture":"#layer1"},
				"east":{"uv":[15,13,16,15],"texture":"#layer1"},
				"south":{"uv":[15,13,16,15],"texture":"#layer1"},
				"up":{"uv":[15,13,16,14],"texture":"#layer1"},
				"down":{"uv":[15,14,16,15],"texture":"#layer1"}
			}
		},
		{
			"from":[13,4,7],
			"to":[14,5,8],
			"faces":{
				"north":{"uv":[13,11,14,12],"texture":"#layer1"},
				"east":{"uv":[13,11,14,12],"texture":"#layer1"},
				"south":{"uv":[13,11,14,12],"texture":"#layer1"},
				"up":{"uv":[13,11,14,12],"texture":"#layer1"}
			}
		},
		{
			"from":[11,2,7],
			"to":[12,8,8],
			"faces":{
				"north":{"uv":[11,8,12,14],"texture":"#layer1"},
				"east":{"uv":[11,8,12,14],"texture":"#layer1"},
				"south":{"uv":[11,8,12,14],"texture":"#layer1"},
				"west":{"uv":[11,8,12,14],"texture":"#layer1"},
				"up":{"uv":[11,8,12,9],"texture":"#layer1"},
				"down":{"uv":[11,13,12,14],"texture":"#layer1"}
			}
		},
		{
			"from":[12,1,7],
			"to":[13,7,8],
			"faces":{
				"north":{"uv":[12,9,13,15],"texture":"#layer1"},
				"east":{"uv":[12,9,13,15],"texture":"#layer1"},
				"south":{"uv":[12,9,13,15],"texture":"#layer1"},
				"west":{"uv":[12,9,13,15],"texture":"#layer1"},
				"up":{"uv":[12,9,13,10],"texture":"#layer1"},
				"down":{"uv":[12,14,13,15],"texture":"#layer1"}
			}
		},
		{
			"from":[9,3,7],
			"to":[11,9,8],
			"faces":{
				"north":{"uv":[11,7,9,13],"texture":"#layer1"},
				"east":{"uv":[10,7,11,13],"texture":"#layer1"},
				"south":{"uv":[9,7,11,13],"texture":"#layer1"},
				"west":{"uv":[9,7,10,13],"texture":"#layer1"},
				"up":{"uv":[9,7,11,8],"texture":"#layer1"},
				"down":{"uv":[9,12,11,13],"texture":"#layer1"}
			}
		},
		{
			"from":[7,5,7],
			"to":[8,12,8],
			"faces":{
				"north":{"uv":[7,4,8,11],"texture":"#layer1"},
				"east":{"uv":[7,4,8,11],"texture":"#layer1"},
				"south":{"uv":[7,4,8,11],"texture":"#layer1"},
				"west":{"uv":[7,4,8,11],"texture":"#layer1"},
				"up":{"uv":[7,4,8,5],"texture":"#layer1"},
				"down":{"uv":[7,10,8,11],"texture":"#layer1"}
			}
		},
		{
			"from":[9,9,7],
			"to":[10,10,8],
			"faces":{
				"north":{"uv":[9,6,10,7],"texture":"#layer1"},
				"east":{"uv":[9,6,10,7],"texture":"#layer1"},
				"south":{"uv":[9,6,10,7],"texture":"#layer1"},
				"up":{"uv":[9,6,10,7],"texture":"#layer1"}
			}
		},
		{
			"from":[6,6,7],
			"to":[7,7,8],
			"faces":{
				"north":{"uv":[6,9,7,10],"texture":"#layer1"},
				"south":{"uv":[6,9,7,10],"texture":"#layer1"},
				"west":{"uv":[6,9,7,10],"texture":"#layer1"},
				"down":{"uv":[6,9,7,10],"texture":"#layer1"}
			}
		},
		{
			"from":[8,4,7],
			"to":[9,11,8],
			"faces":{
				"north":{"uv":[8,5,9,12],"texture":"#layer1"},
				"east":{"uv":[8,5,9,12],"texture":"#layer1"},
				"south":{"uv":[8,5,9,12],"texture":"#layer1"},
				"west":{"uv":[8,5,9,12],"texture":"#layer1"},
				"up":{"uv":[8,5,9,6],"texture":"#layer1"},
				"down":{"uv":[8,11,9,12],"texture":"#layer1"}
			}
		},
		{
			"from":[4,8,7],
			"to":[5,12,8],
			"faces":{
				"north":{"uv":[4,4,5,8],"texture":"#layer1"},
				"south":{"uv":[4,4,5,8],"texture":"#layer1"},
				"west":{"uv":[4,4,5,8],"texture":"#layer1"},
				"up":{"uv":[4,4,5,5],"texture":"#layer1"},
				"down":{"uv":[4,7,5,8],"texture":"#layer1"}
			}
		},
		{
			"from":[5,7,7],
			"to":[7,13,8],
			"faces":{
				"north":{"uv":[7,3,5,9],"texture":"#layer1"},
				"east":{"uv":[6,3,7,9],"texture":"#layer1"},
				"south":{"uv":[5,3,7,9],"texture":"#layer1"},
				"west":{"uv":[5,3,6,9],"texture":"#layer1"},
				"up":{"uv":[5,3,7,4],"texture":"#layer1"},
				"down":{"uv":[5,8,7,9],"texture":"#layer1"}
			}
		},
		{
			"from":[3,9,7],
			"to":[4,11,8],
			"faces":{
				"north":{"uv":[3,5,4,7],"texture":"#layer1"},
				"west":{"uv":[3,5,4,7],"texture":"#layer1"},
				"up":{"uv":[3,5,4,6],"texture":"#layer1"},
				"down":{"uv":[3,6,4,7],"texture":"#layer1"}
			}
		},
		{
			"from":[2,11,7],
			"to":[3,13,8],
			"faces":{
				"north":{"uv":[2,3,3,5],"texture":"#layer1"},
				"east":{"uv":[2,3,3,5],"texture":"#layer1"},
				"south":{"uv":[2,3,3,5],"texture":"#layer1"},
				"west":{"uv":[2,3,3,5],"texture":"#layer1"},
				"up":{"uv":[2,3,3,4],"texture":"#layer1"},
				"down":{"uv":[2,4,3,5],"texture":"#layer1"}
			}
		},
		{
			"from":[3,13,7],
			"to":[5,14,8],
			"faces":{
				"north":{"uv":[5,2,3,3],"texture":"#layer1"},
				"east":{"uv":[4,2,5,3],"texture":"#layer1"},
				"south":{"uv":[3,2,5,3],"texture":"#layer1"},
				"west":{"uv":[3,2,4,3],"texture":"#layer1"},
				"up":{"uv":[3,2,5,3],"texture":"#layer1"},
				"down":{"uv":[3,2,5,3],"texture":"#layer1"}
			}
		},
		{
			"from":[0,3,8],
			"to":[1,4,9],
			"faces":{
				"north":{"uv":[0,12,1,13],"texture":"#layer0"},
				"south":{"uv":[0,12,1,13],"texture":"#layer0"},
				"west":{"uv":[0,12,1,13],"texture":"#layer0"},
				"up":{"uv":[0,12,1,13],"texture":"#layer0"},
				"down":{"uv":[0,12,1,13],"texture":"#layer0"}
			}
		},
		{
			"from":[1,2,8],
			"to":[3,8,9],
			"faces":{
				"north":{"uv":[3,8,1,14],"texture":"#layer0"},
				"east":{"uv":[2,8,3,14],"texture":"#layer0"},
				"south":{"uv":[1,8,3,14],"texture":"#layer0"},
				"west":{"uv":[1,8,2,14],"texture":"#layer0"},
				"up":{"uv":[1,8,3,9],"texture":"#layer0"},
				"down":{"uv":[1,13,3,14],"texture":"#layer0"}
			}
		},
		{
			"from":[2,8,8],
			"to":[3,10,9],
			"faces":{
				"north":{"uv":[2,6,3,8],"texture":"#layer0"},
				"south":{"uv":[2,6,3,8],"texture":"#layer0"},
				"west":{"uv":[2,6,3,8],"texture":"#layer0"},
				"up":{"uv":[2,6,3,7],"texture":"#layer0"}
			}
		},
		{
			"from":[3,6,8],
			"to":[4,11,9],
			"faces":{
				"north":{"uv":[3,5,4,10],"texture":"#layer0"},
				"east":{"uv":[3,5,4,10],"texture":"#layer0"},
				"south":{"uv":[3,5,4,10],"texture":"#layer0"},
				"west":{"uv":[3,5,4,10],"texture":"#layer0"},
				"up":{"uv":[3,5,4,6],"texture":"#layer0"},
				"down":{"uv":[3,9,4,10],"texture":"#layer0"}
			}
		},
		{
			"from":[4,9,8],
			"to":[5,10,9],
			"faces":{
				"east":{"uv":[4,6,5,7],"texture":"#layer0"},
				"south":{"uv":[4,6,5,7],"texture":"#layer0"},
				"down":{"uv":[4,6,5,7],"texture":"#layer0"}
			}
		},
		{
			"from":[4,10,8],
			"to":[6,12,9],
			"faces":{
				"east":{"uv":[5,4,6,6],"texture":"#layer0"},
				"south":{"uv":[4,4,6,6],"texture":"#layer0"},
				"west":{"uv":[4,4,5,6],"texture":"#layer0"},
				"up":{"uv":[4,4,6,5],"texture":"#layer0"},
				"down":{"uv":[4,5,6,6],"texture":"#layer0"}
			}
		},
		{
			"from":[6,11,8],
			"to":[7,12,9],
			"faces":{
				"east":{"uv":[6,4,7,5],"texture":"#layer0"},
				"south":{"uv":[6,4,7,5],"texture":"#layer0"},
				"down":{"uv":[6,4,7,5],"texture":"#layer0"}
			}
		},
		{
			"from":[6,13,8],
			"to":[8,14,9],
			"faces":{
				"north":{"uv":[8,2,6,3],"texture":"#layer0"},
				"south":{"uv":[6,2,8,3],"texture":"#layer0"},
				"west":{"uv":[6,2,7,3],"texture":"#layer0"},
				"up":{"uv":[6,2,8,3],"texture":"#layer0"}
			}
		},
		{
			"from":[5,12,8],
			"to":[10,13,9],
			"faces":{
				"north":{"uv":[10,3,5,4],"texture":"#layer0"},
				"east":{"uv":[9,3,10,4],"texture":"#layer0"},
				"south":{"uv":[5,3,10,4],"texture":"#layer0"},
				"west":{"uv":[5,3,6,4],"texture":"#layer0"},
				"up":{"uv":[5,3,10,4],"texture":"#layer0"},
				"down":{"uv":[5,3,10,4],"texture":"#layer0"}
			}
		},
		{
			"from":[8,13,8],
			"to":[14,15,9],
			"faces":{
				"north":{"uv":[14,1,8,3],"texture":"#layer0"},
				"east":{"uv":[13,1,14,3],"texture":"#layer0"},
				"south":{"uv":[8,1,14,3],"texture":"#layer0"},
				"west":{"uv":[8,1,9,3],"texture":"#layer0"},
				"up":{"uv":[8,1,14,2],"texture":"#layer0"},
				"down":{"uv":[8,2,14,3],"texture":"#layer0"}
			}
		},
		{
			"from":[12,15,8],
			"to":[13,16,9],
			"faces":{
				"north":{"uv":[12,0,13,1],"texture":"#layer0"},
				"east":{"uv":[12,0,13,1],"texture":"#layer0"},
				"south":{"uv":[12,0,13,1],"texture":"#layer0"},
				"west":{"uv":[12,0,13,1],"texture":"#layer0"},
				"up":{"uv":[12,0,13,1],"texture":"#layer0"}
			}
		},
		{
			"from":[12,4,8],
			"to":[13,13,9],
			"faces":{
				"north":{"uv":[12,3,13,12],"texture":"#layer0"},
				"east":{"uv":[12,3,13,12],"texture":"#layer0"},
				"south":{"uv":[12,3,13,12],"texture":"#layer0"},
				"west":{"uv":[12,3,13,12],"texture":"#layer0"}
			}
		},
		{
			"from":[3,3,8],
			"to":[13,4,9],
			"faces":{
				"north":{"uv":[13,12,3,13],"texture":"#layer0"},
				"east":{"uv":[12,12,13,13],"texture":"#layer0"},
				"south":{"uv":[3,12,13,13],"texture":"#layer0"},
				"up":{"uv":[3,12,13,13],"texture":"#layer0"},
				"down":{"uv":[3,12,13,13],"texture":"#layer0"}
			}
		}
	]
}