{
	"__comment":"Designed by GeForceLegend",
	"parent":"item/door",
	"textures":{
		"bottom1":"block/dark_oak_door_bottom1",
		"bottom":"block/dark_oak_door_bottom",
		"top1":"block/dark_oak_door_top1",
		"top":"block/dark_oak_door_top",
		"particle":"item/dark_oak_door"
	},
	"elements":[
		{
			"from":[4,7,5.5],
			"to":[5,8,10.5],
			"faces":{
				"north":{"uv":[11,0,12,1],"texture":"#bottom"},
				"east":{"uv":[11,0,12,1],"texture":"#bottom"},
				"south":{"uv":[11,0,12,1],"texture":"#bottom"},
				"west":{"uv":[11,0,12,1],"texture":"#bottom"},
				"down":{"uv":[11,0,12,1],"rotation":270,"texture":"#bottom"}
			}
		},
		{
			"from":[13,-8,6.5],
			"to":[16,8,9.5],
			"faces":{
				"north":{"uv":[0,0,3,16],"texture":"#bottom"},
				"east":{"uv":[0,0,3,16],"texture":"#bottom1"},
				"south":{"uv":[3,0,0,16],"texture":"#bottom"},
				"west":{"uv":[2,0,3,16],"texture":"#bottom"},
				"down":{"uv":[6,3,9,0],"rotation":270,"texture":"#bottom1"}
			}
		},
		{
			"from":[3,-8,6.5],
			"to":[13,-5,9.5],
			"faces":{
				"north":{"uv":[3,13,13,16],"texture":"#bottom"},
				"south":{"uv":[13,13,3,16],"texture":"#bottom"},
				"up":{"uv":[13,13,3,14],"texture":"#bottom"},
				"down":{"uv":[6,13,9,3],"rotation":270,"texture":"#bottom1"}
			}
		},
		{
			"from":[6,-5,6.5],
			"to":[10,6,9.5],
			"faces":{
				"north":{"uv":[6,2,10,13],"texture":"#bottom"},
				"east":{"uv":[6,2,7,13],"texture":"#bottom"},
				"south":{"uv":[10,2,6,13],"texture":"#bottom"},
				"west":{"uv":[9,2,10,13],"texture":"#bottom"}
			}
		},
		{
			"from":[0,-8,6.5],
			"to":[3,8,9.5],
			"faces":{
				"north":{"uv":[13,0,16,16],"texture":"#bottom"},
				"east":{"uv":[13,0,14,16],"texture":"#bottom"},
				"south":{"uv":[16,0,13,16],"texture":"#bottom"},
				"west":{"uv":[13,0,16,16],"texture":"#bottom1"},
				"down":{"uv":[6,16,9,13],"rotation":270,"texture":"#bottom1"}
			}
		},
		{
			"from":[3,6,6.5],
			"to":[13,8,9.5],
			"faces":{
				"north":{"uv":[3,0,13,2],"texture":"#bottom"},
				"south":{"uv":[13,0,3,2],"texture":"#bottom"},
				"down":{"uv":[13,1,3,2],"texture":"#bottom"}
			}
		},
		{
			"from":[3,-5,7.5],
			"to":[13,6,8.5],
			"faces":{
				"north":{"uv":[3,2,13,13],"texture":"#bottom"},
				"south":{"uv":[13,2,3,13],"texture":"#bottom"}
			}
		},
		{
			"from":[3,10,7.5],
			"to":[13,21,8.5],
			"faces":{
				"north":{"uv":[3,3,13,14],"texture":"#top"},
				"south":{"uv":[13,3,3,14],"texture":"#top"}
			}
		},
		{
			"from":[3,21,6.5],
			"to":[13,24,9.5],
			"faces":{
				"north":{"uv":[3,0,13,3],"texture":"#top"},
				"south":{"uv":[13,0,3,3],"texture":"#top"},
				"up":{"uv":[7,3,10,13],"rotation":90,"texture":"#top1"},
				"down":{"uv":[13,2,3,3],"texture":"#top"}
			}
		},
		{
			"from":[6,10,6.5],
			"to":[10,21,9.5],
			"faces":{
				"north":{"uv":[6,3,10,14],"texture":"#top"},
				"east":{"uv":[6,3,7,14],"texture":"#top"},
				"south":{"uv":[10,3,6,14],"texture":"#top"},
				"west":{"uv":[9,3,10,14],"texture":"#top"}
			}
		},
		{
			"from":[0,8,6.5],
			"to":[3,24,9.5],
			"faces":{
				"north":{"uv":[13,0,16,16],"texture":"#top"},
				"east":{"uv":[13,0,14,16],"texture":"#top"},
				"south":{"uv":[16,0,13,16],"texture":"#top"},
				"west":{"uv":[13,0,16,16],"texture":"#top1"},
				"up":{"uv":[7,13,10,16],"rotation":90,"texture":"#top1"}
			}
		},
		{
			"from":[3,8,6.5],
			"to":[13,10,9.5],
			"faces":{
				"north":{"uv":[3,14,13,16],"texture":"#top"},
				"south":{"uv":[13,14,3,16],"texture":"#top"},
				"up":{"uv":[13,14,3,15],"texture":"#top"}
			}
		},
		{
			"from":[13,8,6.5],
			"to":[16,24,9.5],
			"faces":{
				"north":{"uv":[0,0,3,16],"texture":"#top"},
				"east":{"uv":[0,0,3,16],"texture":"#top1"},
				"south":{"uv":[3,0,0,16],"texture":"#top"},
				"west":{"uv":[2,0,3,16],"texture":"#top"},
				"up":{"uv":[7,0,10,3],"rotation":90,"texture":"#top1"}
			}
		},
		{
			"from":[2,8,5.5],
			"to":[5,9,10.5],
			"faces":{
				"north":{"uv":[11,15,14,16],"texture":"#top"},
				"east":{"uv":[11,15,12,16],"texture":"#top"},
				"south":{"uv":[14,15,11,16],"texture":"#top"},
				"west":{"uv":[13,15,14,16],"texture":"#top"},
				"up":{"uv":[14,15,11,16],"texture":"#top"},
				"down":{"uv":[14,15,11,16],"texture":"#top"}
			}
		}
	]
}