{
	"__comment":"Designed by GeForceLegend",
	"parent":"block/detector_rail",
	"display":{
		"thirdperson_righthand":{
			"rotation":[90,0,0],
			"translation":[0,3,5],
			"scale":[0.55,0.55,0.55]
		},
		"firstperson_righthand":{
			"rotation":[65,0,90],
			"translation":[-4,3,1.13],
			"scale":[0.68,0.68,0.68]
		},
		"gui":{
			"rotation":[30,0,0],
			"translation":[0,0,0],
			"scale":[1,0.01,2]
		},
		"ground":{
			"translation":[0,2,3.5],
			"rotation":[90,0,0],
			"scale":[0.5,0.5,0.5]
		},
		"fixed":{
			"rotation":[90,0,180],
			"translation":[0,0,-7]
		}
	}
}