{
	"__comment":"Designed by GeForceLegend",
	"textures":{
		"layer0":"item/end_crystal_model",
		"particle":"item/end_crystal_model"
	},
	"elements":[
		{
			"from":[2,2,2],
			"to":[14,14,14],
			"rotation":{"angle":45,"axis":"y","origin":[8,8,8]},
			"faces":{
				"north":{"uv":[4,12,8,16],"texture":"#layer0"},
				"east":{"uv":[0,12,4,16],"texture":"#layer0"},
				"south":{"uv":[12,12,16,16],"texture":"#layer0"},
				"west":{"uv":[8,12,12,16],"texture":"#layer0"},
				"up":{"uv":[4,8,8,12],"texture":"#layer0"},
				"down":{"uv":[8,8,12,12],"texture":"#layer0"}
			}
		},
		{
			"from":[1,1,1],
			"to":[15,15,15],
			"rotation":{"angle":-45,"axis":"z","origin":[8,8,8]},
			"faces":{
				"north":{"uv":[4,4,8,8],"texture":"#layer0"},
				"east":{"uv":[0,4,4,8],"texture":"#layer0"},
				"south":{"uv":[12,4,16,8],"texture":"#layer0"},
				"west":{"uv":[8,4,12,8],"texture":"#layer0"},
				"up":{"uv":[4,0,8,4],"texture":"#layer0"},
				"down":{"uv":[8,0,12,4],"texture":"#layer0"}
			}
		},
		{
			"from":[1.01,14.99,1.01],
			"to":[14.99,1.01,14.99],
			"rotation":{"angle":-45,"axis":"z","origin":[8,8,8]},
			"faces":{
				"north":{"uv":[4,8,8,4],"texture":"#layer0"},
				"east":{"uv":[0,8,4,4],"texture":"#layer0"},
				"south":{"uv":[12,8,16,4],"texture":"#layer0"},
				"west":{"uv":[8,8,12,4],"texture":"#layer0"},
				"up":{"uv":[4,4,8,0],"texture":"#layer0"},
				"down":{"uv":[8,4,12,0],"texture":"#layer0"}
			}
		},
		{
			"from":[0,0,0],
			"to":[16,16,16],
			"rotation":{"angle":-45,"axis":"x","origin":[8,8,8]},
			"faces":{
				"north":{"uv":[4,4,8,8],"texture":"#layer0"},
				"east":{"uv":[0,4,4,8],"texture":"#layer0"},
				"south":{"uv":[12,4,16,8],"texture":"#layer0"},
				"west":{"uv":[8,4,12,8],"texture":"#layer0"},
				"up":{"uv":[4,0,8,4],"texture":"#layer0"},
				"down":{"uv":[8,0,12,4],"texture":"#layer0"}
			}
		},
		{
			"from":[0.01,15.99,0.01],
			"to":[15.99,0.01,15.99],
			"rotation":{"angle":-45,"axis":"x","origin":[8,8,8]},
			"faces":{
				"north":{"uv":[4,8,8,4],"texture":"#layer0"},
				"east":{"uv":[0,8,4,4],"texture":"#layer0"},
				"south":{"uv":[12,8,16,4],"texture":"#layer0"},
				"west":{"uv":[8,8,12,4],"texture":"#layer0"},
				"up":{"uv":[4,4,8,0],"texture":"#layer0"},
				"down":{"uv":[8,4,12,0],"texture":"#layer0"}
			}
		}
	],
	"display":{
		"ground":{
			"rotation":[0,0,-35.3],
			"translation":[0,4,0],
			"scale":[0.3,0.3,0.3]
		},
		"gui":{
			"rotation":[0,90,45],
			"scale":[0.625,0.625,0.625]
		},
		"fixed":{
			"rotation":[0,-90,35.3],
			"translation":[0,0,-1],
			"scale":[0.5,0.5,0.5]
		},
		"thirdperson_righthand":{
			"rotation":[75,45,0],
			"translation":[0,2.5,0],
			"scale":[0.375,0.375,0.375]
		},
		"firstperson_righthand":{
			"rotation":[0,45,0],
			"translation":[0,1,0],
			"scale":[0.40,0.40,0.40]
		}
	}
}