{
	"__comment":"Designed by GeForceLegend",
	"parent":"block/flower_pot",
	"display":{
		"gui":{
			"rotation":[30,225,0],
			"translation":[0,2,0],
			"scale":[1,1,1]
		},
		"ground":{
			"rotation":[0,0,0],
			"translation":[0,4,0],
			"scale":[0.5,0.5,0.5]
		},
		"fixed":{
			"rotation":[0,0,0],
			"translation":[0,5,0],
			"scale":[1,1,1]
		},
		"thirdperson_righthand":{
			"rotation":[75,45,0],
			"translation":[0,2.5,0],
			"scale":[0.375,0.375,0.375]
		},
		"firstperson_righthand":{
			"rotation":[0,45,0],
			"translation":[0,3,0],
			"scale":[0.6,0.6,0.6]
		},
		"firstperson_lefthand":{
			"rotation":[0,225,0],
			"translation":[0,3,0],
			"scale":[0.6,0.6,0.6]
		}
	}
}